path,bytes,sha256
.gitattributes,69,d0a6471fa42313c55ab034a933b53741eb6a639265622ac846b0473dcda2b2d2
.github/workflows/syntax.yml,324,6ccf09eff7041dce9fd6a031a96674e7e22f4f1020b31128634d53aa6faf9a63
.gitignore,207,ad3716f53b79e94bb68fa003b68f0dc094c4c38f2ecc4bdd03534e91809f65a9
CHANGELOG.md,563,f171b4096f1b7ae6f39084dfac3c5ef7d959df6d7c12a6908e23f437362ede54
CITATION.cff,378,ae2a9d4b2aee469ddf2efe5bfb9b51c6d72cc9aeefd6a99d9e85b2089cf97fa3
GITHUB_SETUP.md,1516,130262238fe4cdb12a1db3094eba140f267ea78727763309aa174f24895d2b60
LICENSE.md,438,0ed339d4126efe05bb6f324dfed71c446d19c4f70241b9676f91874d2cad35d5
Makefile,499,84285324a65fe63cc25b18892804e148aced658fbc8904482db95119b7a042a3
README.md,4368,2785800357066ca0ce6ed5026ae9528812b1c9e355a8c2c0778b9cd639e692f1
VERSION,6,59854984853104df5c353e2f681a15fc7924742f9a2e468c29af248dce45ce03
checkpoints/crossfit/fold0.pt,179243,c4e6b1f485560f33915eb769c2db232ce104c4a360840742bb5a999c060f70ca
checkpoints/crossfit/fold1.pt,179243,4a535ee0531ac778ad4f5bef432cb6d5ed8aa1f704a2291acf3943f79abc1f55
checkpoints/crossfit/fold2.pt,179243,2305ef01c240ca10b526952a0562f8331a9e1e0f8245b8f181fc0a1f2b08f644
checkpoints/crossfit/fold3.pt,179243,cb1c8e422467b359d26eb6a00f873845b6e7cb6b97a525e72c6583bf70a50cd1
checkpoints/crossfit/fold4.pt,179243,49b72bc112f658ddb24c33a0e4c013cc7cc182c674fdbb44ad9c9dd927bdc094
checkpoints/support_transfer/supportNN_bs13_centroid_w128_seed13.pt,180269,ebf671c1ffa83ac55594d0f80ee68ab15a8200d82d68563ad4ae202254c093c6
checkpoints/support_transfer/supportNN_bs13_centroid_w128_seed29.pt,180269,c1275cde2898bec608a837af04e50e21ca0a740bd9f437a70bdf5e2f728d5674
checkpoints/support_transfer/supportNN_bs13_centroid_w128_seed47.pt,180269,6ed73db1e1a641c1e18b241d5ac659945680b2e34ba69896c8b5d203b828129b
checkpoints/support_transfer/supportNN_bs13_centroid_w192_seed13.pt,359981,f512abf6eb6e260054dc0a53054f17916d4730ac2ae1fbf2dc114de097a31e84
checkpoints/support_transfer/supportNN_bs13_centroid_w64_seed13.pt,66078,4f5079b17bbeda7dd2f625a4c7b698fdde040fda30d191ad90a5aa6a332ee81b
checkpoints/support_transfer/supportNN_bs13_support_w128_seed13.pt,180254,cb84cd1746f8c8d7c4c4ee01636bf95be2b9989e93cff8dfd6173ddf4fe7d699
checkpoints/support_transfer/supportNN_bs13_support_w128_seed29.pt,180254,afb636a35ad6d443b7bc5fe12a643e3e4765a3964666387114c5c6393b43c4cf
checkpoints/support_transfer/supportNN_bs13_support_w128_seed47.pt,180254,e256a550097dc04194267a9ab94b88e6998e35ac81faca0208cb57450ff35604
checkpoints/support_transfer/supportNN_bs13_support_w192_seed13.pt,359966,9f96ceb6e625a5e9d10fbb5ae051077dc0eb61377afec2e56b085224b8106bec
checkpoints/support_transfer/supportNN_bs13_support_w64_seed13.pt,66063,2cc57c53ab3bed7c49358b109064996dd49bbcdcaa5dc8ce42ee0199c56d2dfd
checkpoints/support_transfer/supportNN_bs17_centroid_w128_seed13.pt,180269,994402473af2baacc088b5768b4a2cd45038756d33ac48fbca00f96fa21ac2e3
checkpoints/support_transfer/supportNN_bs17_support_w128_seed13.pt,180254,f98301aa941c720f898190df1c830330c32f38e87d1c3f5606dfc9906302c5df
checkpoints/support_transfer/supportNN_bs21_centroid_w128_seed13.pt,180269,4d890191fc9a75c3646dd648a85d90c44f5127dc9e785d9a4cd86f437e24d33d
checkpoints/support_transfer/supportNN_bs21_support_w128_seed13.pt,180254,d6daa6e1aed51f65c67d72f02746fd51607ef8560c33ba72a04eea682d554184
checkpoints/support_transfer/supportNN_bs9_centroid_w128_seed13.pt,180254,aba8773e0de76920dba2d583b9e044d28928c18ef30a316f2cce91e5c9153dc6
checkpoints/support_transfer/supportNN_bs9_support_w128_seed13.pt,180239,2e5a868f9eac99ac6eae24306ecfefb22f48fe45738ebd676c01a8f96c063d08
code/check_reported_values.py,1098,d97d7c4fed72c9f31d1782e3a12cba5f39c7c7b79ab9a396b609e27318683628
code/erie/dropout_uncertainty.py,5122,427ed4f7cfe74c629cfa5c500a1f222f43f648fdbd1e20186d8f34ecda3ca3b7
code/erie/joint_point_block.py,6603,1eda7938c179030fe9eab4850501cb8ccbac3c8b6b0369a2408af6108895e6d1
code/erie/lake_erie_audit.py,2475,5b7c72590ea0eee6f85d42e00958ab01511bde6df6b602388be387646490a24d
code/erie/spatial_crossfit.py,4796,a5817e880b1e0a4e286926ecfaf5cd19ddddff3e2385661874976d437978973a
code/erie/station_holdout.py,6306,b4ce4242e67a304b36d1ae81fe76ba761b0d37d78052f79dd4db072bc8cb7db9
code/erie/support_transfer.py,5524,43b9ed1bdf741e040da32aeff0f0307f3619f2ce64fb06acf0a604fc87a8d648
code/figures/make_erie_figures.py,11087,99c35e27ebbd0a25ea1d6496d6e48dc124f766516bdcd20d443837051a9a66e7
code/figures/plot_simulation_summary.py,729,595f8677849bbea5a580a226c560e1177490ff660b1315ac4f2c7dfcd2941d98
data/raw/README.md,905,5de1c622ab0f141795f5fd7e09be7596a30ce09ccd05f93f7ab9c1c69e058be1
docs/REPRODUCIBILITY.md,911,81bd76107607a6d09b9776ba77b4d350648f0a4432653b5a7e0cd6f709e9abd5
docs/numerical_audit_v5.md,1895,7901fb2cbb1f4ffb258aef36cd4426c4db9ecd2d7571bda02e24d30ef474627d
docs/preflight_main.txt,107,747c837b261f77653df23b683143ff6db75dea5a3889e3f206ff24e9a13201e1
docs/preflight_supplement.txt,112,f2d046568399c1ff174337bc85dab4e01a63dd92f4f61a529d4db1a68ab05028
docs/reported_values_check.txt,579,48c6ad85ca8a5170afa72a76836ce7ab896f282d32f6787f687fb994d0e014ed
figures/erie_crossfitted_maps_v5.pdf,113263,9c66add646a4ce6f7100aec9e67c391493b9c7e1097d5753216455f95a1d96a0
figures/erie_crossfitted_maps_v5.png,548915,266bd3246dbf1a80234d559ea907a2d74ab2a268621a24ad113b49ea4f3aff3e
figures/erie_data_overview_v5.pdf,33311,a0f5a72195c7b0e1131d5a5836683e6606843a04636998dc2ee1c4bbba3beef9
figures/erie_data_overview_v5.png,238125,f24baa7043a4a3631c70c0c7f524d2712152455a4994b564aa2e1b0d9346d2c0
figures/erie_support_transfer_v5.pdf,13706,99b110095eb3745ce8c34707d0c7b58cfae821213c9a032065b4bb353178ff44
figures/erie_support_transfer_v5.png,107309,be4bae327e767d1751fd0f3c3dbde58d0ab364d133864b00a82699644e8f1779
figures/support_stress_rmse.pdf,15221,f526539d0fb72eb7f25bed65416b8751ea173a3283c2afac719f36fdc3a0550c
figures/support_stress_rmse.png,107634,92e7e5a1563bf0c3cf9a34ea12f3aa1b12b9057cb3087c32723eaf36a0b27ed0
manuscript/main.pdf,648788,1e016a3291a50481e1040e5d515555cb8f5b5c71022367b8c112a8897ab6a32d
manuscript/main.tex,56303,88c20d3e59c6a83cfc47a2ea2ce9d1370ce9a859a270bc6ad0d86968fac93df0
manuscript/supplement.pdf,363474,461ddcabcff59acf50a3362a7f238a84bd956c3ff2039e28c13262db395b2fe2
manuscript/supplement.tex,13991,84dec2acef75754415e47bd20af0dac388c14ad85e5664e00987827e3e9b0873
requirements-tested.txt,109,35f7ed5767b00cf073d5d1645a6d39750ca1f30287cc856e67ecc7f21e5ad353
requirements.txt,111,9e684766ed2e2dba9b758015092acc2b8b99794dce67b956c01c2f0c870b62fb
results/erie/crossfit/spatial_cv_predictions.csv,13450778,a07232380fe708c9aa070eaa696c77156f82e510d2e0503ce03df308db908c3b
results/erie/crossfit/spatial_cv_summary.csv,349,7c05189fd0edfd14e0327e57ce5a1cc38aaaffad6c5d20a63c72332ff68b0ec4
results/erie/field_cv/field_cv_summary.csv,601,19431e3ac7f76091426a31216ee8ecddb52b45fe198e94f9789a8cc6b61d574d
results/erie/field_cv/fieldcv_centroid_fold0.csv,1107,071cef2669bff9370368e14d88ccf786f789b749d412aafc614896acca964e4c
results/erie/field_cv/fieldcv_centroid_fold1.csv,798,be2967e636631cc9e167803b1b9a35bbf86c5bf57cf74619cd279d94c6f5e705
results/erie/field_cv/fieldcv_centroid_fold2.csv,1512,8ee23c01daad42c127a65d0de46e7975ed4218fc3c32a1ffa8f522294f3cc9c8
results/erie/field_cv/fieldcv_support_fold0.csv,1074,f1344d65e6c82eb0e235fb1ca5744077a88090ba0221700fc63e52737f9c1a26
results/erie/field_cv/fieldcv_support_fold1.csv,777,094255c84e8160b8e38721931733a8d944c0b41d5cee058b0892b7ebd9f9e9ee
results/erie/field_cv/fieldcv_support_fold2.csv,1469,365b9458141bb048a1ab4fff276b51f702bf9c0dc23f6bf98632453f78ee7d7a
results/erie/field_station_audit_v5.csv,532,747fef1c5367e847dbd972bdcd3b1c1c0c7f2a300cbffbe3508e37ccbfaaae57
results/erie/joint/joint_point_block_summary.csv,155,42da64c92859e0a23927b58f97be2f8fddaa423fd4b54e66c7d4e698e03a7a39
results/erie/lake_erie_audit_v5.json,437,0a5a15d6f6aa293c555853568adbd6fb7794497e1ba248091e529b7d573c99e8
results/erie/support_transfer_capacity_sensitivity_v5.csv,214,979c1bcede36fd06e5589792b2a67f9ed20e7fa8c6dec1bee97cf4d3029daa6a
results/erie/support_transfer_perdate_v5.csv,41335,0b03c671a08eed2f6e1dc44edc980cb6da9bd9dd91bb1dba02976b6caf442411
results/erie/support_transfer_runs/supportNN_bs13_centroid_w128_seed13.csv,178077,95d1ceb19ea55faeca49f587fc0f79c44e8b0cdf0aca9b89eef70f3456d1f2e0
results/erie/support_transfer_runs/supportNN_bs13_centroid_w128_seed29.csv,178072,03864230a8dc2d75606fe932d4a3cf476b93def22d3ba3311943b56807d916e5
results/erie/support_transfer_runs/supportNN_bs13_centroid_w128_seed47.csv,178032,ba6cc17a9afc52387dee829bf21afbda93b0844f9603234d1d437d32ab4032d4
results/erie/support_transfer_runs/supportNN_bs13_centroid_w192_seed13.csv,178004,834c61f9bbece90e5c2a61a102f3c3b39691d80c1014aa41554d5c188a493a2d
results/erie/support_transfer_runs/supportNN_bs13_centroid_w64_seed13.csv,178066,2f029fde1a2dcbb03a0b6de60d286862fc619b15ac7c7612ae81900809c65d1a
results/erie/support_transfer_runs/supportNN_bs13_support_w128_seed13.csv,178132,b23836fdc8fd5a7060087309aba059759a0b939fa0e796e60b6f92da65657ec4
results/erie/support_transfer_runs/supportNN_bs13_support_w128_seed29.csv,178036,501d7ed7eb41215e71f0fda51e1db3da1b17321d62998db1125287edf55ab5d5
results/erie/support_transfer_runs/supportNN_bs13_support_w128_seed47.csv,178064,cb7063cd852dea2c20469c8fc75b8782e5445de1edb81d8765fb7eab162ac352
results/erie/support_transfer_runs/supportNN_bs13_support_w192_seed13.csv,177984,31c9efe1477b63a0b9fbabc7f5ad501517498cb3db42e3577c76690642de05cc
results/erie/support_transfer_runs/supportNN_bs13_support_w64_seed13.csv,177976,cb093fd44789d1f915faf0df3c46b579a207867caf537328cc9133c095f88647
results/erie/support_transfer_runs/supportNN_bs17_centroid_w128_seed13.csv,104980,52b233aac41dcc4eefc4e42335d120685b39e4ca7a54682fe6b9b53bbb4a8bbf
results/erie/support_transfer_runs/supportNN_bs17_support_w128_seed13.csv,104859,f4793cd5146a77c02ba8b9a3f3b81dcdeaa148b497bd6fbe261e67ab8db1e431
results/erie/support_transfer_runs/supportNN_bs21_centroid_w128_seed13.csv,61872,e6221db295a9330f458071ea878989515d64ef0e97f6b8c02033d81cefecfaff
results/erie/support_transfer_runs/supportNN_bs21_support_w128_seed13.csv,61785,0750e274fc61e4ef93ddcaec4b39674033a52eb6e01c3472c4d1231e4cc53edf
results/erie/support_transfer_runs/supportNN_bs9_centroid_w128_seed13.csv,361914,1b5b0df963adfdb8b4905c81e980a26e32c0a5e0943c69336c40a59f6dcaca90
results/erie/support_transfer_runs/supportNN_bs9_support_w128_seed13.csv,361882,e13b5b9b65cafb2ceb545e04779ea09ea4ceb6803a249f5154a9a4231006de90
results/erie/support_transfer_seed_sensitivity_v5.csv,214,bd5a5a8a8786a498dbf1166ba5af806e40e7d9c069bdd1c3fdd66918b4923262
results/erie/support_transfer_summary_v5.csv,881,3849177a98801d434f1639b8b5cc0aaff161e9f30f452020aab90bf2755d4469
results/erie/uncertainty/dropout_centroid_bs13.csv,77394,1d9d7955bfcfbbadb5d1fd67634063f7009e16d7e2d6daa463cf7a21cfbd3e29
results/erie/uncertainty/dropout_summary.csv,100,32ad1cf3fb6e066c714e56042ff8f57ba6f016edd0fda8c35008370a970fc524
results/erie/uncertainty/dropout_support_bs13.csv,77428,dfe0cdd3bbee75e59d0f2d50b533110ec341e10a9b7c5f34ac328e7106658c3a
results/simulation/README.md,405,15630bea97dd897258eb20ee9193bdf1c7ee698c5e5c2e37d1b3f269cd38aee2
results/simulation/auxiliary_ablation.csv,178,bd84123dccd4bb48af5d5d6338c716d79d2f7ca03934e4284cf3ad6f9717931c
results/simulation/burgers_summary.csv,95,b12196f464b7d94876973bbed1d8ce2eae536bc5e09c6aecca513c5453210ee7
results/simulation/fourier_vi.csv,100,6a5de8b0dc8fc511c41660db5bc00f28fc80301f7d196f67c7b94c03eb88f054
results/simulation/large_scale.csv,119,9f04db689bf1a3d0aed0408d2565c43eda17c32e1b7c52ab1f8a6b0524d52b2b
results/simulation/rollout_diagnostic.csv,80,b361a84c86a0db2db770fb89fc9a63e4ba44e6d37ee3e4aea0d7778797c49067
results/simulation/spectral_benchmark.csv,150,e1197899f8ddc337a3807aca1d082345ad6d18faebf5bbccd8f4f9769c2f33ec
results/simulation/support_size_diagnostic.csv,181,dd85524d6e78ce8cce0c927e2f19f58618798538810fc197db34953927a87fc5
