block_width,t,method,rmse
9,0,Support-aware,0.2727404792256586
9,0,PostAgg,0.31162079007785703
9,0,Centroid,0.4682573699479432
9,1,Support-aware,0.1272413091115413
9,1,PostAgg,0.13923879271013737
9,1,Centroid,0.20072792724301217
9,2,Support-aware,0.29759559273818154
9,2,PostAgg,0.30339476417977285
9,2,Centroid,0.43429679012753103
9,3,Support-aware,0.3004680895220118
9,3,PostAgg,0.30930151142044354
9,3,Centroid,0.4735730505010207
9,4,Support-aware,0.495258424709065
9,4,PostAgg,0.4878364145448721
9,4,Centroid,0.5674169612929804
9,5,Support-aware,0.29050656800500296
9,5,PostAgg,0.27393479283903277
9,5,Centroid,0.43551366034749794
9,6,Support-aware,0.19461123809970116
9,6,PostAgg,0.20120440423349395
9,6,Centroid,0.2656978042163324
9,7,Support-aware,0.22705442908013093
9,7,PostAgg,0.2156263621812885
9,7,Centroid,0.35332399608998993
9,8,Support-aware,0.2051010847762402
9,8,PostAgg,0.16336639449168971
9,8,Centroid,0.21599816855262124
9,9,Support-aware,0.26250018566880035
9,9,PostAgg,0.21152774922981618
9,9,Centroid,0.4046937849597055
9,10,Support-aware,0.2059921352068956
9,10,PostAgg,0.1910733083142269
9,10,Centroid,0.2623843705450866
9,11,Support-aware,0.20931787757410025
9,11,PostAgg,0.19329134495689404
9,11,Centroid,0.21042025213966933
9,12,Support-aware,0.23259316486469575
9,12,PostAgg,0.20483944404945673
9,12,Centroid,0.2733851199721723
9,15,Support-aware,0.4996484711232594
9,15,PostAgg,0.42307476431510715
9,15,Centroid,0.4830060275873832
9,16,Support-aware,0.41506226103081095
9,16,PostAgg,0.381933381215542
9,16,Centroid,0.3803996208412484
9,17,Support-aware,0.366658355134173
9,17,PostAgg,0.37548774578161753
9,17,Centroid,0.3583049635376286
9,18,Support-aware,0.23419722569985615
9,18,PostAgg,0.18627327262963758
9,18,Centroid,0.21073048408849687
9,19,Support-aware,0.21536969377492632
9,19,PostAgg,0.20361582126116562
9,19,Centroid,0.301239222863407
9,20,Support-aware,0.08554750106638723
9,20,PostAgg,0.1266986867170557
9,20,Centroid,0.15166042559553278
9,21,Support-aware,0.31761871446403955
9,21,PostAgg,0.34795825584358897
9,21,Centroid,0.44941279070290824
9,22,Support-aware,0.23499882360818045
9,22,PostAgg,0.25254625110127676
9,22,Centroid,0.31464516976007323
9,23,Support-aware,0.34817466617605036
9,23,PostAgg,0.32450036674632216
9,23,Centroid,0.38417050739453157
9,24,Support-aware,0.27218387723763765
9,24,PostAgg,0.2791467254985496
9,24,Centroid,0.34316977529186715
9,25,Support-aware,0.3014703989226289
9,25,PostAgg,0.34238285175920624
9,25,Centroid,0.5626070501336637
9,26,Support-aware,0.251788378189688
9,26,PostAgg,0.30038891475405244
9,26,Centroid,0.27620133849121625
9,27,Support-aware,0.29965677028271354
9,27,PostAgg,0.3310091972881146
9,27,Centroid,0.4251596207388137
9,28,Support-aware,0.22022509889064196
9,28,PostAgg,0.24341929299771134
9,28,Centroid,0.41482207260008874
9,29,Support-aware,0.25688358025638963
9,29,PostAgg,0.27546503222543645
9,29,Centroid,0.44054260812757384
9,30,Support-aware,0.23719803661361014
9,30,PostAgg,0.29326478365631387
9,30,Centroid,0.4258809280285954
9,31,Support-aware,0.29898667806575624
9,31,PostAgg,0.3135731445490181
9,31,Centroid,0.5604310018884414
9,32,Support-aware,0.5631287794719356
9,32,PostAgg,0.5863507154325721
9,32,Centroid,0.6790300939955921
9,33,Support-aware,0.6432368260299641
9,33,PostAgg,0.7063412062415106
9,33,Centroid,0.8127115029199876
9,34,Support-aware,0.43473948394547685
9,34,PostAgg,0.4409765464854366
9,34,Centroid,0.5521049203728237
9,35,Support-aware,0.6113344332997512
9,35,PostAgg,0.6073758399166287
9,35,Centroid,0.7151763055533398
9,36,Support-aware,0.19054699293989696
9,36,PostAgg,0.21293594603054417
9,36,Centroid,0.31497112607006417
9,37,Support-aware,0.3448263862718211
9,37,PostAgg,0.3437641478273705
9,37,Centroid,0.5175763303094782
9,38,Support-aware,0.2712391919443427
9,38,PostAgg,0.2289507490659342
9,38,Centroid,0.34214816803877934
9,39,Support-aware,0.2989344601376213
9,39,PostAgg,0.3726677097961377
9,39,Centroid,0.5904101731406751
9,40,Support-aware,0.3154671347790448
9,40,PostAgg,0.309403060492547
9,40,Centroid,0.46937562512950265
9,41,Support-aware,0.39556570352947085
9,41,PostAgg,0.42956504329839307
9,41,Centroid,0.5760978377814615
9,42,Support-aware,0.3606490270491418
9,42,PostAgg,0.36901620197648743
9,42,Centroid,0.5879623397526879
9,43,Support-aware,0.36576661501058216
9,43,PostAgg,0.37249574398163926
9,43,Centroid,0.5998748890040683
9,44,Support-aware,0.41702771043150494
9,44,PostAgg,0.396767132615359
9,44,Centroid,0.6000363912251409
9,45,Support-aware,0.2081293706390752
9,45,PostAgg,0.21650321902469483
9,45,Centroid,0.22726030925851293
9,46,Support-aware,0.41334383129430613
9,46,PostAgg,0.4086342023752904
9,46,Centroid,0.5873130793829379
9,47,Support-aware,0.49427129434128786
9,47,PostAgg,0.4722325732977187
9,47,Centroid,0.6164195534350664
9,48,Support-aware,0.625121146200764
9,48,PostAgg,0.5665079295639384
9,48,Centroid,0.7140560988113432
9,49,Support-aware,0.45913915658312815
9,49,PostAgg,0.4644745952709797
9,49,Centroid,0.5495967836074993
9,50,Support-aware,0.19589017103850567
9,50,PostAgg,0.19227738582645826
9,50,Centroid,0.316075977936445
9,51,Support-aware,0.5139279348544038
9,51,PostAgg,0.45220810537774925
9,51,Centroid,0.5386752326532772
9,52,Support-aware,0.42844864959545215
9,52,PostAgg,0.47885695958286445
9,52,Centroid,0.7195923873314867
9,53,Support-aware,0.41619648321496494
9,53,PostAgg,0.5266915791994768
9,53,Centroid,0.7620503480916255
9,54,Support-aware,0.18846770747720368
9,54,PostAgg,0.26750185733849474
9,54,Centroid,0.3483156311724904
9,55,Support-aware,0.1991592926205522
9,55,PostAgg,0.2081698065473875
9,55,Centroid,0.2897704138967715
9,56,Support-aware,0.2213370423068032
9,56,PostAgg,0.2504371336555917
9,56,Centroid,0.341716520645303
9,57,Support-aware,0.11398610454901398
9,57,PostAgg,0.13941815268680494
9,57,Centroid,0.33477882149538296
9,58,Support-aware,0.2671666408733337
9,58,PostAgg,0.32607440522253806
9,58,Centroid,0.4057937680598796
9,59,Support-aware,0.2081318159746454
9,59,PostAgg,0.1791785554080334
9,59,Centroid,0.21167720661588185
9,60,Support-aware,0.26827971930703637
9,60,PostAgg,0.31792292222386376
9,60,Centroid,0.4596456884847985
9,61,Support-aware,0.17569075295804715
9,61,PostAgg,0.18301201660809255
9,61,Centroid,0.269528715511604
9,62,Support-aware,0.24401848121592534
9,62,PostAgg,0.24943999689932025
9,62,Centroid,0.3840973082903567
9,63,Support-aware,0.23192737902288588
9,63,PostAgg,0.26118971085127335
9,63,Centroid,0.3988046282890743
9,64,Support-aware,0.304494419373004
9,64,PostAgg,0.2967036090707829
9,64,Centroid,0.3910799115056304
9,65,Support-aware,0.4687266380903883
9,65,PostAgg,0.5886220049627346
9,65,Centroid,0.7940594333728581
9,66,Support-aware,0.3990884074444057
9,66,PostAgg,0.46845536135453614
9,66,Centroid,0.6889051439684465
9,67,Support-aware,0.4748262319366804
9,67,PostAgg,0.5737658717238938
9,67,Centroid,0.760068018486984
9,68,Support-aware,0.5584219153985028
9,68,PostAgg,0.657577266686174
9,68,Centroid,0.8703892397526656
9,69,Support-aware,1.063115886107232
9,69,PostAgg,1.1269019313269035
9,69,Centroid,1.2575556043805478
9,70,Support-aware,0.5437143258193996
9,70,PostAgg,0.6669210594544899
9,70,Centroid,0.8823746423851773
9,71,Support-aware,0.587172784515438
9,71,PostAgg,0.6191640650797049
9,71,Centroid,0.8316098288127296
9,72,Support-aware,0.44298036146948316
9,72,PostAgg,0.4872090369109543
9,72,Centroid,0.6920073291162228
9,73,Support-aware,0.3913824267251244
9,73,PostAgg,0.4881618952289679
9,73,Centroid,0.7090458421398487
9,74,Support-aware,0.5158573829507257
9,74,PostAgg,0.5485880128292363
9,74,Centroid,0.699361249735756
9,75,Support-aware,0.4998223491507611
9,75,PostAgg,0.5126499563883177
9,75,Centroid,0.5847705316266749
9,76,Support-aware,0.468285597168478
9,76,PostAgg,0.49755935743763907
9,76,Centroid,0.7275650558230697
9,77,Support-aware,0.3838117001770081
9,77,PostAgg,0.3869985487149559
9,77,Centroid,0.4207054240023738
9,78,Support-aware,0.3887250763630708
9,78,PostAgg,0.40552859634715555
9,78,Centroid,0.5567002633101246
9,79,Support-aware,0.4454804440924244
9,79,PostAgg,0.5300930412170125
9,79,Centroid,0.7231991171995886
9,80,Support-aware,0.5187193207159528
9,80,PostAgg,0.5788035924060962
9,80,Centroid,0.7639022177301824
9,81,Support-aware,0.4773370870794958
9,81,PostAgg,0.5303532551930124
9,81,Centroid,0.7018114230516226
9,82,Support-aware,0.39873831867782866
9,82,PostAgg,0.4708172848209646
9,82,Centroid,0.6225986190977632
9,83,Support-aware,0.7134193813143761
9,83,PostAgg,0.7305798629141202
9,83,Centroid,0.8068816578411844
9,84,Support-aware,0.8796450782875745
9,84,PostAgg,0.9163700085360299
9,84,Centroid,0.9777384553913246
9,85,Support-aware,0.4180106143381538
9,85,PostAgg,0.4630682180562992
9,85,Centroid,0.6428031011902674
9,86,Support-aware,0.661155544049382
9,86,PostAgg,0.6660770655347927
9,86,Centroid,0.8451442174277648
9,87,Support-aware,0.2670013118211124
9,87,PostAgg,0.25732545613079666
9,87,Centroid,0.3690359110905128
9,88,Support-aware,0.23030626575423396
9,88,PostAgg,0.23359037051057704
9,88,Centroid,0.37662499726635196
9,89,Support-aware,0.18715926691384296
9,89,PostAgg,0.2502505582061603
9,89,Centroid,0.4340737952533597
9,90,Support-aware,0.112892181323834
9,90,PostAgg,0.11646978165516561
9,90,Centroid,0.20429557599546672
9,91,Support-aware,0.15494663596113536
9,91,PostAgg,0.18533950680567682
9,91,Centroid,0.3322161394389381
9,92,Support-aware,0.14664678694423497
9,92,PostAgg,0.17271175781926315
9,92,Centroid,0.2983533007459159
9,93,Support-aware,0.15634470965767439
9,93,PostAgg,0.14730769200992902
9,93,Centroid,0.2406219213289248
9,94,Support-aware,0.18223030144968247
9,94,PostAgg,0.14926965121520774
9,94,Centroid,0.17604689384595393
9,95,Support-aware,0.15160155408213724
9,95,PostAgg,0.1614991757209389
9,95,Centroid,0.1572229147924708
9,96,Support-aware,0.22542924439004816
9,96,PostAgg,0.24283335456968366
9,96,Centroid,0.4328663962075411
9,97,Support-aware,0.24724167444034809
9,97,PostAgg,0.2362387839875439
9,97,Centroid,0.40260764853501035
9,98,Support-aware,0.2150708787283573
9,98,PostAgg,0.1919606809390327
9,98,Centroid,0.2878360303643054
9,99,Support-aware,0.23071992298484398
9,99,PostAgg,0.3006241422827959
9,99,Centroid,0.3855066164773622
9,100,Support-aware,0.573710545172831
9,100,PostAgg,0.5100569352066346
9,100,Centroid,0.6478608016634219
9,101,Support-aware,0.28925707604940104
9,101,PostAgg,0.3060393697655727
9,101,Centroid,0.4527630422950779
13,0,Support-aware,0.25982156285488406
13,0,PostAgg,0.32679497298663346
13,0,Centroid,0.40506247795714934
13,1,Support-aware,0.2110205225276641
13,1,PostAgg,0.13129891666183394
13,1,Centroid,0.16239436471477453
13,2,Support-aware,0.35557971220902435
13,2,PostAgg,0.4434492889073309
13,2,Centroid,0.5112883047318649
13,3,Support-aware,0.3186922881707218
13,3,PostAgg,0.4302274654464182
13,3,Centroid,0.5300365235486757
13,4,Support-aware,0.4373619366567899
13,4,PostAgg,0.4002166005711022
13,4,Centroid,0.498444663158443
13,5,Support-aware,0.34327243221793324
13,5,PostAgg,0.44112997361357437
13,5,Centroid,0.5153247393524701
13,6,Support-aware,0.23786660035814394
13,6,PostAgg,0.18085888657679397
13,6,Centroid,0.2249872167183981
13,7,Support-aware,0.2691934284636978
13,7,PostAgg,0.33991414322271774
13,7,Centroid,0.40267860864449756
13,8,Support-aware,0.2220575199856201
13,8,PostAgg,0.1793066461199171
13,8,Centroid,0.27987287334646327
13,9,Support-aware,0.2841773300743382
13,9,PostAgg,0.22071579109372308
13,9,Centroid,0.30763944390979514
13,10,Support-aware,0.26541291895325414
13,10,PostAgg,0.20313654019576255
13,10,Centroid,0.2639693478032427
13,11,Support-aware,0.2924636760331742
13,11,PostAgg,0.22250881627274338
13,11,Centroid,0.3027880955739921
13,12,Support-aware,0.2331897205009283
13,12,PostAgg,0.20395157571709335
13,12,Centroid,0.25725605580347893
13,15,Support-aware,0.31633080931040874
13,15,PostAgg,0.3578565645086171
13,15,Centroid,0.46331331720471153
13,16,Support-aware,0.46602993368799694
13,16,PostAgg,0.36997947118722
13,16,Centroid,0.3387905785477624
13,17,Support-aware,0.25816412726447235
13,17,PostAgg,0.40690291259727834
13,17,Centroid,0.4669694354921743
13,18,Support-aware,0.23793966379727738
13,18,PostAgg,0.1915641856488065
13,18,Centroid,0.2503325601098858
13,19,Support-aware,0.29170849149601696
13,19,PostAgg,0.21546564189874592
13,19,Centroid,0.2686243513424708
13,20,Support-aware,0.011680600000000041
13,20,PostAgg,0.17799173999999995
13,20,Centroid,0.2605493400000001
13,21,Support-aware,0.2789898300876621
13,21,PostAgg,0.24189592833584686
13,21,Centroid,0.30385119200339694
13,22,Support-aware,0.2553279446848118
13,22,PostAgg,0.21611611993355773
13,22,Centroid,0.3353035298862043
13,23,Support-aware,0.4127193803173607
13,23,PostAgg,0.34872693947440886
13,23,Centroid,0.41695031769934493
13,24,Support-aware,0.2838674208436354
13,24,PostAgg,0.28244453749227766
13,24,Centroid,0.3424868939899346
13,25,Support-aware,0.3711750818380266
13,25,PostAgg,0.4603573345055359
13,25,Centroid,0.553035330005356
13,26,Support-aware,0.1658252
13,26,PostAgg,0.08056909999999995
13,26,Centroid,0.18664429999999999
13,27,Support-aware,0.4536280157866871
13,27,PostAgg,0.6147836784911248
13,27,Centroid,0.698565604531617
13,28,Support-aware,0.2666282033204774
13,28,PostAgg,0.34442345136280217
13,28,Centroid,0.48223890323004537
13,29,Support-aware,0.331732321259775
13,29,PostAgg,0.30281330469524337
13,29,Centroid,0.39933983798725864
13,30,Support-aware,0.2755748941465919
13,30,PostAgg,0.2409626877784704
13,30,Centroid,0.2758511762562225
13,31,Support-aware,0.3746472776292273
13,31,PostAgg,0.4867642403765228
13,31,Centroid,0.6173701341158155
13,32,Support-aware,0.4690535734716376
13,32,PostAgg,0.5540889302417746
13,32,Centroid,0.6767025218344835
13,33,Support-aware,0.5090029017880362
13,33,PostAgg,0.6336527453546973
13,33,Centroid,0.789692706101651
13,34,Support-aware,0.36209966988127357
13,34,PostAgg,0.43939331322657993
13,34,Centroid,0.5605554396389252
13,35,Support-aware,0.5599914402131958
13,35,PostAgg,0.631528924642196
13,35,Centroid,0.7282763533684775
13,36,Support-aware,0.43842501061221417
13,36,PostAgg,0.3122493723860627
13,36,Centroid,0.19775718170509018
13,37,Support-aware,0.3241876869233232
13,37,PostAgg,0.27761613113583417
13,37,Centroid,0.34003510347611665
13,38,Support-aware,0.3324757726316496
13,38,PostAgg,0.4185497933048781
13,38,Centroid,0.488051063054393
13,39,Support-aware,0.2640773645350138
13,39,PostAgg,0.2603936005458851
13,39,Centroid,0.3398414218285294
13,40,Support-aware,0.1476077517669067
13,40,PostAgg,0.30818958578310196
13,40,Centroid,0.3575915235818582
13,41,Support-aware,0.32739843007335767
13,41,PostAgg,0.29385709631549894
13,41,Centroid,0.3617352439225615
13,42,Support-aware,0.2979170590173695
13,42,PostAgg,0.3590561336013649
13,42,Centroid,0.48651327801309036
13,43,Support-aware,0.37285538270824253
13,43,PostAgg,0.47308998646020217
13,43,Centroid,0.5667877476807563
13,44,Support-aware,0.3654687409325996
13,44,PostAgg,0.4609416604942418
13,44,Centroid,0.5507449944682711
13,45,Support-aware,0.1840957999999997
13,45,PostAgg,0.10943389999999997
13,45,Centroid,0.32402489999999995
13,46,Support-aware,0.3434082046731692
13,46,PostAgg,0.40219347888578644
13,46,Centroid,0.5267247578919939
13,47,Support-aware,0.4735413589949049
13,47,PostAgg,0.3821141587148831
13,47,Centroid,0.5128630816222438
13,48,Support-aware,0.5402135897392353
13,48,PostAgg,0.5488904129791753
13,48,Centroid,0.6231411445275334
13,49,Support-aware,0.49702439831105294
13,49,PostAgg,0.5933775439776134
13,49,Centroid,0.7299514261962649
13,50,Support-aware,0.1354632355547808
13,50,PostAgg,0.10007774574855939
13,50,Centroid,0.19684412529425402
13,51,Support-aware,0.3935810803324218
13,51,PostAgg,0.5811380554885276
13,51,Centroid,0.7039860651858904
13,52,Support-aware,0.37361168143747686
13,52,PostAgg,0.4660715233279684
13,52,Centroid,0.5860926713971126
13,53,Support-aware,0.3509575734184193
13,53,PostAgg,0.47336549685900803
13,53,Centroid,0.5981008817976942
13,54,Support-aware,0.33913987998385825
13,54,PostAgg,0.34646626067584124
13,54,Centroid,0.46194805778788417
13,55,Support-aware,0.2919732636131611
13,55,PostAgg,0.2966833329772519
13,55,Centroid,0.39832373889412404
13,56,Support-aware,0.26158986380689225
13,56,PostAgg,0.29517470077472674
13,56,Centroid,0.37678108291130796
13,57,Support-aware,0.16755532885311844
13,57,PostAgg,0.7212775312624329
13,57,Centroid,0.8744880302002024
13,58,Support-aware,0.31489598830252913
13,58,PostAgg,0.2925810176969709
13,58,Centroid,0.3548158654201813
13,59,Support-aware,0.3107800858542291
13,59,PostAgg,0.25534202144702967
13,59,Centroid,0.296675595565693
13,60,Support-aware,0.2937592913356722
13,60,PostAgg,0.2959958459113166
13,60,Centroid,0.31796798986603836
13,61,Support-aware,0.24498584664232842
13,61,PostAgg,0.20889200470658364
13,61,Centroid,0.3397357385742754
13,62,Support-aware,0.25698461397533306
13,62,PostAgg,0.2442763498610383
13,62,Centroid,0.2850723700447476
13,63,Support-aware,0.2891855041943732
13,63,PostAgg,0.30256775891041593
13,63,Centroid,0.4272397531775069
13,64,Support-aware,0.30261705787092674
13,64,PostAgg,0.31824470390856063
13,64,Centroid,0.33737514522226086
13,65,Support-aware,0.544906242208589
13,65,PostAgg,0.7857338336170407
13,65,Centroid,0.931255802124176
13,66,Support-aware,0.4572948249215763
13,66,PostAgg,0.528663779477442
13,66,Centroid,0.6314437066039025
13,67,Support-aware,0.4499996578966996
13,67,PostAgg,0.48956886824396706
13,67,Centroid,0.6169286458982287
13,68,Support-aware,0.5813685910526493
13,68,PostAgg,0.7302392486266526
13,68,Centroid,0.8736657747858302
13,70,Support-aware,0.575224640081348
13,70,PostAgg,0.7285842825477731
13,70,Centroid,0.8837534423786596
13,71,Support-aware,0.5832482947362455
13,71,PostAgg,0.6535837280812814
13,71,Centroid,0.7855867277256033
13,72,Support-aware,0.48207663426773084
13,72,PostAgg,0.598839133313782
13,72,Centroid,0.8128986965629723
13,73,Support-aware,0.3824931924980883
13,73,PostAgg,0.43349467446104756
13,73,Centroid,0.5896131125774801
13,74,Support-aware,0.4859866915260068
13,74,PostAgg,0.5111535414049111
13,74,Centroid,0.6735991367411103
13,75,Support-aware,0.47632314448595864
13,75,PostAgg,0.5539597414864069
13,75,Centroid,0.6764299548734494
13,76,Support-aware,0.40808056117985475
13,76,PostAgg,0.4780084061501069
13,76,Centroid,0.644922181841277
13,77,Support-aware,0.3632606199006549
13,77,PostAgg,0.3983854757696403
13,77,Centroid,0.4676461826060658
13,78,Support-aware,0.43792459705899606
13,78,PostAgg,0.5802634496887603
13,78,Centroid,0.7572461007148366
13,79,Support-aware,0.3628560744489826
13,79,PostAgg,0.5460603384001321
13,79,Centroid,0.7059170512611777
13,80,Support-aware,0.4821482863107275
13,80,PostAgg,0.5965884551423365
13,80,Centroid,0.7137030936767731
13,81,Support-aware,0.506133124435237
13,81,PostAgg,0.6033134734022344
13,81,Centroid,0.7580365255025526
13,82,Support-aware,0.5325852187689651
13,82,PostAgg,0.53535641394856
13,82,Centroid,0.7001927960156406
13,83,Support-aware,0.5857347006640115
13,83,PostAgg,0.5193458816916806
13,83,Centroid,0.5213123432037541
13,84,Support-aware,0.8032626427503494
13,84,PostAgg,0.80441498002162
13,84,Centroid,0.8239048212093961
13,85,Support-aware,0.23342390980381586
13,85,PostAgg,0.29256536721497556
13,85,Centroid,0.3545858418235484
13,86,Support-aware,0.6779363303835387
13,86,PostAgg,0.6861564586198725
13,86,Centroid,0.7163982008118336
13,87,Support-aware,0.2228452008960266
13,87,PostAgg,0.22606963295617974
13,87,Centroid,0.29000260087654306
13,88,Support-aware,0.23295218742739496
13,88,PostAgg,0.31787828363303117
13,88,Centroid,0.4177562367337822
13,89,Support-aware,0.2764616887887053
13,89,PostAgg,0.3804670952362581
13,89,Centroid,0.4506972021580585
13,90,Support-aware,0.20606037544194128
13,90,PostAgg,0.08227102953423723
13,90,Centroid,0.16357224559942632
13,91,Support-aware,0.18891630997650677
13,91,PostAgg,0.1955177051612899
13,91,Centroid,0.28800124191090815
13,92,Support-aware,0.18637778004939107
13,92,PostAgg,0.15939180560716412
13,92,Centroid,0.19909337374629524
13,93,Support-aware,0.19766256104559468
13,93,PostAgg,0.2366355527108251
13,93,Centroid,0.29519763814131955
13,94,Support-aware,0.2649758278188526
13,94,PostAgg,0.1639819737363357
13,94,Centroid,0.2199004833653472
13,95,Support-aware,0.19175134569713434
13,95,PostAgg,0.1985872625906964
13,95,Centroid,0.23634250541656399
13,96,Support-aware,0.23411959477121072
13,96,PostAgg,0.34691957993375816
13,96,Centroid,0.41064047815151944
13,97,Support-aware,0.20907315540071011
13,97,PostAgg,0.19923680049359233
13,97,Centroid,0.28260107488308145
13,98,Support-aware,0.19348081784579535
13,98,PostAgg,0.16697299234810398
13,98,Centroid,0.24952987027052626
13,99,Support-aware,0.27164712705385025
13,99,PostAgg,0.333012724762383
13,99,Centroid,0.4374367952993713
13,100,Support-aware,0.5212276155330219
13,100,PostAgg,0.2885432181137308
13,100,Centroid,0.2932999093384484
13,101,Support-aware,0.2769254624438865
13,101,PostAgg,0.444322006949957
13,101,Centroid,0.5473629432686846
17,0,Support-aware,0.39122444419882935
17,0,PostAgg,0.5665075646378105
17,0,Centroid,0.7698805288075481
17,1,Support-aware,0.28983944631386876
17,1,PostAgg,0.3948731732966348
17,1,Centroid,0.5665386019832807
17,2,Support-aware,0.5039085509390147
17,2,PostAgg,0.6378578046953014
17,2,Centroid,0.779205954041797
17,3,Support-aware,0.5112085926020091
17,3,PostAgg,0.6699765173730989
17,3,Centroid,0.8256816144265307
17,4,Support-aware,0.667095441384159
17,4,PostAgg,0.9449453507357235
17,4,Centroid,1.121614085452036
17,5,Support-aware,0.5468776276498007
17,5,PostAgg,0.7660339739296367
17,5,Centroid,0.9058809928743787
17,6,Support-aware,0.3318747043639501
17,6,PostAgg,0.4831911591594181
17,6,Centroid,0.6509315688377554
17,7,Support-aware,0.3267532349899892
17,7,PostAgg,0.47137282544054104
17,7,Centroid,0.661365718065224
17,8,Support-aware,0.19683894784684905
17,8,PostAgg,0.26770851658951417
17,8,Centroid,0.5742457488629227
17,9,Support-aware,0.3837707077211614
17,9,PostAgg,0.4392958893701387
17,9,Centroid,0.8739083660880393
17,10,Support-aware,0.2844198636945739
17,10,PostAgg,0.3130128269590701
17,10,Centroid,0.7382132186976661
17,11,Support-aware,0.0034378000000001574
17,11,PostAgg,0.29875300000000005
17,11,Centroid,0.602538
17,12,Support-aware,0.15917191673919043
17,12,PostAgg,0.36134920744138754
17,12,Centroid,0.5677203788323448
17,15,Support-aware,0.18024132228773174
17,15,PostAgg,0.3480729831282082
17,15,Centroid,0.9089227499366654
17,16,Support-aware,0.783939155044244
17,16,PostAgg,0.2443470532668783
17,16,Centroid,0.5779099722681005
17,17,Support-aware,0.42146290031113065
17,17,PostAgg,0.6084020768315719
17,17,Centroid,0.8064689603593783
17,18,Support-aware,0.24898748118661446
17,18,PostAgg,0.35053964018125633
17,18,Centroid,0.5532369183788207
17,19,Support-aware,0.2266936604008002
17,19,PostAgg,0.37641261767850454
17,19,Centroid,0.6326627673168702
17,20,Support-aware,0.89662065
17,20,PostAgg,0.63198445
17,20,Centroid,0.3520987500000001
17,21,Support-aware,0.36390928760329266
17,21,PostAgg,0.5804752782211724
17,21,Centroid,0.7560215397623143
17,22,Support-aware,0.10505998573869585
17,22,PostAgg,0.23405116765839762
17,22,Centroid,0.3781088199606858
17,23,Support-aware,0.4193737250687095
17,23,PostAgg,0.6385692487566664
17,23,Centroid,0.8561711179510458
17,24,Support-aware,0.2892973070542759
17,24,PostAgg,0.4839668657845577
17,24,Centroid,0.6536697563466666
17,25,Support-aware,0.4876527127696096
17,25,PostAgg,0.7419882185322809
17,25,Centroid,0.9862551267959915
17,26,Support-aware,0.2575274000000001
17,26,PostAgg,0.3190451999999999
17,26,Centroid,0.49607010000000007
17,27,Support-aware,0.41267876597510644
17,27,PostAgg,0.5357106275836984
17,27,Centroid,0.6981171709359677
17,28,Support-aware,0.2640957203717838
17,28,PostAgg,0.5344518090261481
17,28,Centroid,0.7938328102907322
17,29,Support-aware,0.3079371024358519
17,29,PostAgg,0.4536342320820882
17,29,Centroid,0.7455148642484976
17,30,Support-aware,0.4008589382546725
17,30,PostAgg,0.7315120521649786
17,30,Centroid,1.0248355552246684
17,31,Support-aware,0.4926563462176877
17,31,PostAgg,0.6911813602018156
17,31,Centroid,0.8437068944580359
17,32,Support-aware,0.547077102324075
17,32,PostAgg,0.5816585757244346
17,32,Centroid,0.9571511864920318
17,33,Support-aware,0.6252705863935082
17,33,PostAgg,0.552763114035286
17,33,Centroid,0.7085600778967699
17,34,Support-aware,0.4311406352793483
17,34,PostAgg,0.6580223258248761
17,34,Centroid,0.9212718831560576
17,35,Support-aware,0.7355905005908745
17,35,PostAgg,0.7445010765768988
17,35,Centroid,1.0624738690847493
17,36,Support-aware,0.29662516213107243
17,36,PostAgg,0.39077119184716014
17,36,Centroid,0.5183158215598382
17,37,Support-aware,0.34988274368515027
17,37,PostAgg,0.5331159365424828
17,37,Centroid,0.9047571371290043
17,38,Support-aware,0.40639917353178506
17,38,PostAgg,0.5789983687037625
17,38,Centroid,0.8400801538906859
17,39,Support-aware,0.4026655969756872
17,39,PostAgg,0.675752420738946
17,39,Centroid,0.8634328615546939
17,40,Support-aware,0.5785250197596002
17,40,PostAgg,0.8491023091081099
17,40,Centroid,1.0619680639842983
17,41,Support-aware,0.3691777712409271
17,41,PostAgg,0.40659587566034566
17,41,Centroid,0.8803057008621191
17,42,Support-aware,0.519185862502498
17,42,PostAgg,0.7621924067274906
17,42,Centroid,1.04953107388387
17,43,Support-aware,0.575724858001519
17,43,PostAgg,0.7570884207292332
17,43,Centroid,1.0686176911759566
17,44,Support-aware,0.5510209404159808
17,44,PostAgg,0.6814515273764287
17,44,Centroid,0.9461846683647259
17,46,Support-aware,0.5285727295528343
17,46,PostAgg,0.5328454694471079
17,46,Centroid,0.8411108881450545
17,47,Support-aware,0.570324563212346
17,47,PostAgg,0.3190606409073465
17,47,Centroid,0.22532279328029975
17,48,Support-aware,0.5364840276720122
17,48,PostAgg,0.7448462886595563
17,48,Centroid,1.0234624734143452
17,49,Support-aware,0.5402883979589957
17,49,PostAgg,0.677073511270439
17,49,Centroid,0.8915676470122313
17,50,Support-aware,0.5200476000000003
17,50,PostAgg,1.0714555000000001
17,50,Centroid,1.4385359
17,51,Support-aware,0.6532418924827911
17,51,PostAgg,0.8030966239254357
17,51,Centroid,1.0436302707626028
17,52,Support-aware,0.5403298000698078
17,52,PostAgg,0.6614739215241346
17,52,Centroid,0.908007107846317
17,53,Support-aware,0.527603920609547
17,53,PostAgg,0.6092509932463405
17,53,Centroid,0.8410170237640577
17,54,Support-aware,0.3019706229192363
17,54,PostAgg,0.4108039310421051
17,54,Centroid,0.5550196268054611
17,55,Support-aware,0.33708487750239974
17,55,PostAgg,0.4349747209578211
17,55,Centroid,0.7633416268398856
17,56,Support-aware,0.35616907841205014
17,56,PostAgg,0.4772139053829053
17,56,Centroid,0.8299628658539051
17,58,Support-aware,0.4525910668099723
17,58,PostAgg,0.5998383752276872
17,58,Centroid,0.7565927420725593
17,59,Support-aware,0.25252882916991126
17,59,PostAgg,0.2760308817471923
17,59,Centroid,0.6394082783213132
17,60,Support-aware,0.46969725797510387
17,60,PostAgg,0.6706701634943509
17,60,Centroid,0.8563652266869053
17,61,Support-aware,0.17967998562020973
17,61,PostAgg,0.30145915389175443
17,61,Centroid,0.593725390281333
17,62,Support-aware,0.3589312913126537
17,62,PostAgg,0.5443945960784611
17,62,Centroid,0.7640493601971511
17,63,Support-aware,0.28671613600322027
17,63,PostAgg,0.35948972241858307
17,63,Centroid,0.5828736941322425
17,64,Support-aware,0.18428758178939925
17,64,PostAgg,0.2242243466258333
17,64,Centroid,0.5063176538676917
17,65,Support-aware,0.8369603615900293
17,65,PostAgg,1.0781738796535505
17,65,Centroid,1.3709415805725207
17,66,Support-aware,0.602530191587747
17,66,PostAgg,0.8251985075981197
17,66,Centroid,1.1082397106721116
17,67,Support-aware,0.712602040451605
17,67,PostAgg,0.8290342329235966
17,67,Centroid,1.0751717377595715
17,68,Support-aware,0.8106284857367098
17,68,PostAgg,1.0457919564206157
17,68,Centroid,1.4049937375579036
17,70,Support-aware,0.7927480720227588
17,70,PostAgg,1.0034839346210933
17,70,Centroid,1.3424385285286622
17,71,Support-aware,0.6777604111945992
17,71,PostAgg,0.7973643193550087
17,71,Centroid,1.0868743391265847
17,72,Support-aware,0.5483809822064554
17,72,PostAgg,0.7217641286049165
17,72,Centroid,1.0078937160952242
17,73,Support-aware,0.6003211295496406
17,73,PostAgg,0.7918286204998841
17,73,Centroid,1.107516439311692
17,74,Support-aware,0.5663562253285065
17,74,PostAgg,0.7782585082616152
17,74,Centroid,1.0773208185184446
17,75,Support-aware,0.5345354671751756
17,75,PostAgg,0.7074634517903514
17,75,Centroid,1.0281034252994157
17,76,Support-aware,0.605937221419085
17,76,PostAgg,0.742480960225702
17,76,Centroid,1.0465754698042018
17,77,Support-aware,0.35270951915161713
17,77,PostAgg,0.5113137409252593
17,77,Centroid,0.8351350939831198
17,78,Support-aware,0.627138128319347
17,78,PostAgg,0.7830826270532234
17,78,Centroid,1.150246030580636
17,79,Support-aware,0.5320041480124201
17,79,PostAgg,0.6598495779463878
17,79,Centroid,0.9513389248869923
17,80,Support-aware,0.6487769440308448
17,80,PostAgg,0.8168754909629651
17,80,Centroid,1.0709918336177244
17,81,Support-aware,0.6008308149941679
17,81,PostAgg,0.7090666438176166
17,81,Centroid,1.0602006823665908
17,82,Support-aware,0.6619429375955744
17,82,PostAgg,0.8415175888866651
17,82,Centroid,1.10550855728045
17,83,Support-aware,0.5271754412784222
17,83,PostAgg,0.47676816984636927
17,83,Centroid,0.6131469032516307
17,84,Support-aware,0.5405020466415394
17,84,PostAgg,0.490487256998962
17,84,Centroid,0.6826254435020288
17,85,Support-aware,0.29388866846379363
17,85,PostAgg,0.409544206898246
17,85,Centroid,0.7114650843356228
17,86,Support-aware,0.5661225867053524
17,86,PostAgg,0.7439179343698984
17,86,Centroid,1.081386787938355
17,87,Support-aware,0.30922203910154755
17,87,PostAgg,0.5225828910333719
17,87,Centroid,0.7603592969545506
17,88,Support-aware,0.3909713412437052
17,88,PostAgg,0.5959648967439383
17,88,Centroid,0.8559058989251128
17,89,Support-aware,0.47627185211417983
17,89,PostAgg,0.6906905715813794
17,89,Centroid,0.8494865015748194
17,90,Support-aware,0.18870272832951793
17,90,PostAgg,0.22720607039607663
17,90,Centroid,0.5212101574284723
17,91,Support-aware,0.330582386441892
17,91,PostAgg,0.4046286721741482
17,91,Centroid,0.6167518822830753
17,92,Support-aware,0.37389261499155163
17,92,PostAgg,0.5992623971011097
17,92,Centroid,0.7891197001455319
17,93,Support-aware,0.2714517697049134
17,93,PostAgg,0.43349088114979784
17,93,Centroid,0.6191743553623107
17,94,Support-aware,0.28904060991017766
17,94,PostAgg,0.32727714872504693
17,94,Centroid,0.6065962370332438
17,95,Support-aware,0.2954487816068836
17,95,PostAgg,0.3707264388720354
17,95,Centroid,0.645697879478504
17,96,Support-aware,0.40361450192331183
17,96,PostAgg,0.6712663038188718
17,96,Centroid,0.8823310909120442
17,97,Support-aware,0.44742177375208725
17,97,PostAgg,0.740264131424545
17,97,Centroid,1.0277614806261757
17,98,Support-aware,0.2144970103713139
17,98,PostAgg,0.3009596225488064
17,98,Centroid,0.6257193695168567
17,99,Support-aware,0.23933284154709628
17,99,PostAgg,0.4680881170431095
17,99,Centroid,0.8654735148168261
17,100,Support-aware,0.470239814039478
17,100,PostAgg,0.4728871423762793
17,100,Centroid,0.7053170180273403
17,101,Support-aware,0.3730307636799042
17,101,PostAgg,0.572337605448497
17,101,Centroid,0.8072150373200537
21,0,Support-aware,0.43691039258464087
21,0,PostAgg,0.42564678310413084
21,0,Centroid,0.8872394282778079
21,1,Support-aware,0.33243991440466375
21,1,PostAgg,0.4626565029402613
21,1,Centroid,0.5403157980113177
21,2,Support-aware,0.40675528886185486
21,2,PostAgg,0.6048320751118412
21,2,Centroid,0.6890609835555775
21,3,Support-aware,0.47906834621457517
21,3,PostAgg,0.6302651298283429
21,3,Centroid,0.8097786226864855
21,4,Support-aware,0.3707153088006694
21,4,PostAgg,0.5799703981390527
21,4,Centroid,0.9844012202176385
21,5,Support-aware,0.49208110909497205
21,5,PostAgg,0.6894884034496116
21,5,Centroid,0.8440611083277487
21,6,Support-aware,0.4888529471330077
21,6,PostAgg,0.6772618060668983
21,6,Centroid,0.8543696246793446
21,7,Support-aware,0.48393918489336496
21,7,PostAgg,0.6484896831378321
21,7,Centroid,0.817447386024989
21,8,Support-aware,0.21703945901998362
21,8,PostAgg,0.46322762464574585
21,8,Centroid,0.691447378582584
21,9,Support-aware,0.3780028375110643
21,9,PostAgg,0.43855828860939805
21,9,Centroid,0.8926227963566503
21,10,Support-aware,0.3645101134479812
21,10,PostAgg,0.54288332466208
21,10,Centroid,0.5463547051542921
21,11,Support-aware,0.20896349999999986
21,11,PostAgg,0.04165519999999989
21,11,Centroid,0.00422839999999991
21,12,Support-aware,0.3067232508383059
21,12,PostAgg,0.6652663791075509
21,12,Centroid,0.7096152279103388
21,15,Support-aware,0.3743463478337206
21,15,PostAgg,0.6765948461838334
21,15,Centroid,0.7817524961996254
21,16,Support-aware,0.524078142711991
21,16,PostAgg,0.8630484794304083
21,16,Centroid,1.2367893852359826
21,17,Support-aware,0.4175873000000001
21,17,PostAgg,0.2296851000000002
21,17,Centroid,0.3092627000000001
21,18,Support-aware,0.3750242331398155
21,18,PostAgg,0.5498394127939267
21,18,Centroid,0.6227491716109225
21,19,Support-aware,0.18712691586660582
21,19,PostAgg,0.4152488391666718
21,19,Centroid,0.5115639533784669
21,20,Support-aware,0.48571129999999996
21,20,PostAgg,0.02210824
21,20,Centroid,0.12317574999999992
21,21,Support-aware,0.24330639908494184
21,21,PostAgg,0.40220348077559204
21,21,Centroid,0.5138806158504619
21,22,Support-aware,0.08975970068869969
21,22,PostAgg,0.30081519111172716
21,22,Centroid,0.6626849345872062
21,23,Support-aware,0.27699577407996223
21,23,PostAgg,0.3830122262310798
21,23,Centroid,0.556607180582735
21,24,Support-aware,0.15608400464635222
21,24,PostAgg,0.3759933133948454
21,24,Centroid,0.4293516231640412
21,25,Support-aware,0.6276165981087832
21,25,PostAgg,0.7263131134439782
21,25,Centroid,0.8883977679919451
21,27,Support-aware,0.21035792104271153
21,27,PostAgg,0.5583146542536102
21,27,Centroid,0.8107789194750336
21,28,Support-aware,0.47653807495637607
21,28,PostAgg,0.34309178222317754
21,28,Centroid,0.6705040628145048
21,29,Support-aware,0.4524319125126027
21,29,PostAgg,0.5626711152676984
21,29,Centroid,0.7755931397722307
21,30,Support-aware,0.115585359193455
21,30,PostAgg,0.23922481122957337
21,30,Centroid,0.35979844431108926
21,31,Support-aware,0.6777932249334379
21,31,PostAgg,0.8521485692409041
21,31,Centroid,1.1169465406940418
21,32,Support-aware,0.44501335871980713
21,32,PostAgg,0.4637760090777404
21,32,Centroid,0.8674285926499063
21,33,Support-aware,0.2883542000000001
21,33,PostAgg,0.25070499999999996
21,33,Centroid,0.4434912
21,34,Support-aware,0.2929365402653107
21,34,PostAgg,0.5700827411718563
21,34,Centroid,0.8671426066431421
21,35,Support-aware,0.4313903970529652
21,35,PostAgg,0.7489635462097715
21,35,Centroid,1.2147755802097313
21,37,Support-aware,0.35920806745971995
21,37,PostAgg,0.2570929636261107
21,37,Centroid,0.39220419146647323
21,38,Support-aware,0.15676041582880149
21,38,PostAgg,0.4580555169168253
21,38,Centroid,0.7144734396533026
21,39,Support-aware,0.6813690227935568
21,39,PostAgg,0.1726363544020591
21,39,Centroid,0.4951276080407926
21,40,Support-aware,0.5359466084370942
21,40,PostAgg,0.601136172162679
21,40,Centroid,0.6977468506696967
21,41,Support-aware,0.5232352141098446
21,41,PostAgg,0.7638222388237872
21,41,Centroid,0.9890227845782056
21,42,Support-aware,0.48627014595796103
21,42,PostAgg,0.5220635274826215
21,42,Centroid,0.7854869790277318
21,43,Support-aware,0.6167184224101869
21,43,PostAgg,0.5944019173332244
21,43,Centroid,0.8374178296949073
21,44,Support-aware,0.6038457691494801
21,44,PostAgg,0.5884616964054399
21,44,Centroid,0.8425480191880651
21,46,Support-aware,0.49841927412374754
21,46,PostAgg,0.5471130588254517
21,46,Centroid,0.822878559752236
21,47,Support-aware,0.1513270000000002
21,47,PostAgg,0.7891131999999996
21,47,Centroid,1.1915733999999998
21,48,Support-aware,0.5940943048086365
21,48,PostAgg,0.7357455203300073
21,48,Centroid,0.9464664412777106
21,49,Support-aware,0.45620901088606175
21,49,PostAgg,0.8965421522783212
21,49,Centroid,1.2631998384319274
21,50,Support-aware,0.6892213999999999
21,50,PostAgg,1.1942975
21,50,Centroid,1.4844321
21,51,Support-aware,0.3155167708757833
21,51,PostAgg,0.4845783817534048
21,51,Centroid,0.8295503521848266
21,52,Support-aware,0.6609646852225748
21,52,PostAgg,0.4432404165180981
21,52,Centroid,0.8561625215134715
21,53,Support-aware,0.789520740207528
21,53,PostAgg,0.8225196257815343
21,53,Centroid,1.1327167482757752
21,54,Support-aware,0.30596931926319004
21,54,PostAgg,0.45310849543808296
21,54,Centroid,0.6984034303816168
21,55,Support-aware,0.3675014151649216
21,55,PostAgg,0.6792259544860816
21,55,Centroid,0.8887418373457865
21,56,Support-aware,0.4240051459602093
21,56,PostAgg,0.7210144108781288
21,56,Centroid,0.822374012532626
21,57,Support-aware,0.09668419999999989
21,57,PostAgg,0.5553972000000003
21,57,Centroid,1.1809903000000002
21,58,Support-aware,0.39845666468043234
21,58,PostAgg,0.6796122172005749
21,58,Centroid,0.8895074432768084
21,59,Support-aware,0.16084662915811032
21,59,PostAgg,0.5113711381880744
21,59,Centroid,0.6951788192046154
21,60,Support-aware,0.48740537386643057
21,60,PostAgg,0.666551362423509
21,60,Centroid,0.844904258526151
21,61,Support-aware,0.41643990524241903
21,61,PostAgg,0.80913355126147
21,61,Centroid,0.9509435359083511
21,62,Support-aware,0.4054638731287228
21,62,PostAgg,0.5693859542661188
21,62,Centroid,0.7642967354188931
21,63,Support-aware,0.1531455118985943
21,63,PostAgg,0.5307597161028167
21,63,Centroid,0.8459491105533538
21,64,Support-aware,0.23473912344491266
21,64,PostAgg,0.42236163509804237
21,64,Centroid,0.9176756482384274
21,65,Support-aware,0.6255273669185787
21,65,PostAgg,0.41732144237412727
21,65,Centroid,0.728032178902419
21,66,Support-aware,0.7798648129695429
21,66,PostAgg,0.5156260351288022
21,66,Centroid,0.8433373693414932
21,67,Support-aware,0.7983891714292471
21,67,PostAgg,0.7116075586624612
21,67,Centroid,0.9602910690686846
21,68,Support-aware,0.7874283647558196
21,68,PostAgg,0.6176927793565762
21,68,Centroid,0.8579673396764307
21,70,Support-aware,0.6118085204562842
21,70,PostAgg,0.44169897371112
21,70,Centroid,0.6870558129975265
21,71,Support-aware,0.7583062855365931
21,71,PostAgg,0.7073459669297275
21,71,Centroid,0.8666531364263704
21,72,Support-aware,0.7432585230776794
21,72,PostAgg,0.5227270523803286
21,72,Centroid,0.9124661364247588
21,73,Support-aware,0.5467733250656738
21,73,PostAgg,0.5740593541683944
21,73,Centroid,0.8417341745531494
21,74,Support-aware,0.7923983543800416
21,74,PostAgg,0.33623862261697735
21,74,Centroid,0.593109792684138
21,75,Support-aware,0.4586273902997607
21,75,PostAgg,0.5730739930293547
21,75,Centroid,0.8108564285199655
21,76,Support-aware,0.7037605993357237
21,76,PostAgg,0.6632629101554066
21,76,Centroid,0.9622295947790303
21,77,Support-aware,0.32651462802407644
21,77,PostAgg,0.54907699756553
21,77,Centroid,0.6346338235691988
21,78,Support-aware,0.5997470015349692
21,78,PostAgg,0.6274052804088458
21,78,Centroid,0.8893429834082532
21,79,Support-aware,0.7550719692739787
21,79,PostAgg,0.613067205098715
21,79,Centroid,0.8911433941837243
21,80,Support-aware,0.7434436143720249
21,80,PostAgg,0.7033347769969513
21,80,Centroid,0.8615623450565041
21,81,Support-aware,0.702158103688828
21,81,PostAgg,0.6287372045764166
21,81,Centroid,0.9513534058080717
21,82,Support-aware,0.5095882954532076
21,82,PostAgg,0.6703658157415381
21,82,Centroid,0.95943205373256
21,83,Support-aware,0.9388274684450401
21,83,PostAgg,1.1487980135285818
21,83,Centroid,1.5397131570039946
21,84,Support-aware,0.7258381830719531
21,84,PostAgg,0.6405951072335786
21,84,Centroid,1.2740842339965686
21,85,Support-aware,0.6173383985939573
21,85,PostAgg,0.8572389107981868
21,85,Centroid,1.0017934459231106
21,86,Support-aware,0.7848379470228326
21,86,PostAgg,0.5936833594194244
21,86,Centroid,0.9216791976490748
21,87,Support-aware,0.7758413340443533
21,87,PostAgg,0.46084557702446266
21,87,Centroid,0.5791786118410408
21,88,Support-aware,0.4865925569339569
21,88,PostAgg,0.587635833979599
21,88,Centroid,0.7955432658190609
21,89,Support-aware,0.6178699313736589
21,89,PostAgg,0.6271036176964829
21,89,Centroid,0.8190929128227181
21,90,Support-aware,0.26368859339520173
21,90,PostAgg,0.5534332308812028
21,90,Centroid,0.7087808418475876
21,91,Support-aware,0.3463185488387261
21,91,PostAgg,0.5365137740345506
21,91,Centroid,0.6320503307463682
21,92,Support-aware,0.32551758975304457
21,92,PostAgg,0.505987311664354
21,92,Centroid,0.5888876836705657
21,93,Support-aware,0.373130687133736
21,93,PostAgg,0.4834895675937486
21,93,Centroid,0.6017152647210935
21,94,Support-aware,0.18838646315070867
21,94,PostAgg,0.41674821507122456
21,94,Centroid,0.4556228755399982
21,95,Support-aware,0.2281686644475894
21,95,PostAgg,0.4159732072098795
21,95,Centroid,0.6398528916060849
21,96,Support-aware,0.36282590401818204
21,96,PostAgg,0.5319023087403165
21,96,Centroid,0.662696198666085
21,97,Support-aware,0.2942269681958301
21,97,PostAgg,0.6021703179459826
21,97,Centroid,0.5855265687600439
21,98,Support-aware,0.2967213172264044
21,98,PostAgg,0.5801628989909371
21,98,Centroid,0.7779139058049206
21,99,Support-aware,0.2801805647180653
21,99,PostAgg,0.4749813238447381
21,99,Centroid,0.9007627224759682
21,100,Support-aware,0.6888546464466937
21,100,PostAgg,0.7595273756674495
21,100,Centroid,1.2127058456454343
21,101,Support-aware,0.540690350127938
21,101,PostAgg,0.652548952149933
21,101,Centroid,0.7836109365234801
