t,date,target,pred,post,y0,y1,x0,x1,cx,cy
0,2014-05-24 18:45:00+00:00,2.8246202,2.3184264,3.116717,31,52,31,52,-0.3153646,0.039453126
0,2014-05-24 18:45:00+00:00,2.7105577,2.6911027,2.9044282,31,52,52,73,0.026302084,0.02890625
0,2014-05-24 18:45:00+00:00,1.7852062,2.2187917,1.9014024,31,52,94,115,0.73333335,0.025000002
0,2014-05-24 18:45:00+00:00,2.6939673,1.6655831,2.0826185,52,73,10,31,-0.6283854,0.4699219
0,2014-05-24 18:45:00+00:00,2.4296918,0.96534204,1.965611,52,73,31,52,-0.32447916,0.54609376
0,2014-05-24 18:45:00+00:00,2.2324107,1.1947877,1.6311413,52,73,73,94,0.37604165,0.5375
1,2014-05-25 17:50:00+00:00,1.5262896,0.7186057,0.5143066,10,31,94,115,0.72838545,-0.47109377
1,2014-05-25 17:50:00+00:00,2.0722983,1.6310263,2.0036578,31,52,10,31,-0.6455729,0.11367187
1,2014-05-25 17:50:00+00:00,1.5576886,1.1600661,1.7013017,31,52,31,52,-0.30885416,0.04140625
1,2014-05-25 17:50:00+00:00,1.6731858,1.4841758,1.6561414,31,52,52,73,0.014322916,0.032421876
1,2014-05-25 17:50:00+00:00,1.5761608,1.413398,1.440929,31,52,73,94,0.3919271,0.013281252
1,2014-05-25 17:50:00+00:00,1.3194256,1.4892087,1.0310777,31,52,94,115,0.73333335,0.025000002
1,2014-05-25 17:50:00+00:00,1.6161884,0.6614913,1.1433688,52,73,31,52,-0.31328124,0.54296875
1,2014-05-25 17:50:00+00:00,1.5605335,1.116836,1.1222528,52,73,52,73,0.032812502,0.5121094
1,2014-05-25 17:50:00+00:00,1.6087995,0.8837244,1.0416579,52,73,73,94,0.38489583,0.53867185
1,2014-05-25 17:50:00+00:00,1.4235668,0.9886611,0.921527,52,73,94,115,0.7497396,0.5289062
2,2014-05-30 18:05:00+00:00,2.0620258,0.8769316,0.7008449,10,31,94,115,0.73307294,-0.4765625
2,2014-05-30 18:05:00+00:00,3.3658736,2.346753,2.4027104,31,52,10,31,-0.6453125,0.11953125
2,2014-05-30 18:05:00+00:00,1.8453628,1.5985372,2.2545311,31,52,31,52,-0.30625,0.041796874
2,2014-05-30 18:05:00+00:00,1.9533864,2.0259297,2.09211,31,52,52,73,0.029166669,0.02890625
2,2014-05-30 18:05:00+00:00,1.8367482,2.0603979,1.847817,31,52,73,94,0.38229167,0.011718751
2,2014-05-30 18:05:00+00:00,1.5353636,1.7761749,1.4157254,31,52,94,115,0.73333335,0.025000002
2,2014-05-30 18:05:00+00:00,1.7300371,0.6662844,1.3771904,52,73,31,52,-0.32265624,0.54648435
2,2014-05-30 18:05:00+00:00,1.647077,1.2906816,1.2572848,52,73,52,73,0.039583333,0.50820315
2,2014-05-30 18:05:00+00:00,1.6892987,0.8552883,1.2536418,52,73,73,94,0.37708333,0.54609376
2,2014-05-30 18:05:00+00:00,1.5005392,1.0802538,1.0418594,52,73,94,115,0.7505208,0.5296875
3,2014-05-31 18:50:00+00:00,2.473776,0.9820409,0.8931308,10,31,94,115,0.7268229,-0.47695312
3,2014-05-31 18:50:00+00:00,3.7574873,2.876052,3.0578823,31,52,10,31,-0.62343746,0.12148438
3,2014-05-31 18:50:00+00:00,2.3327,2.0776708,2.7510803,31,52,31,52,-0.31041664,0.041015625
3,2014-05-31 18:50:00+00:00,2.3499045,2.4976656,2.6171358,31,52,52,73,0.031770833,0.030859375
3,2014-05-31 18:50:00+00:00,2.330909,2.403705,2.3810227,31,52,73,94,0.38437498,0.011718751
3,2014-05-31 18:50:00+00:00,1.8243341,2.1556408,1.9053087,31,52,94,115,0.73333335,0.025000002
3,2014-05-31 18:50:00+00:00,2.1145594,0.89152706,1.7754275,52,73,31,52,-0.32343748,0.54648435
3,2014-05-31 18:50:00+00:00,2.0196903,1.5758454,1.6198758,52,73,52,73,0.041145835,0.50625
3,2014-05-31 18:50:00+00:00,2.1363657,0.9731839,1.628815,52,73,73,94,0.378125,0.54960936
3,2014-05-31 18:50:00+00:00,1.8152605,1.260754,1.3720199,52,73,94,115,0.7424479,0.53085935
4,2014-06-03 19:20:00+00:00,3.4743874,2.8195078,3.685089,31,52,31,52,-0.30703127,0.03828125
4,2014-06-03 19:20:00+00:00,2.6937306,3.116008,3.3318713,31,52,52,73,0.02109375,0.034375
4,2014-06-03 19:20:00+00:00,2.0138595,2.36289,2.1705623,31,52,94,115,0.73333335,0.025000002
4,2014-06-03 19:20:00+00:00,3.616484,1.5330454,2.4951723,52,73,31,52,-0.30859375,0.54375005
4,2014-06-03 19:20:00+00:00,2.3337939,2.082528,2.064766,52,73,52,73,0.031510416,0.5023438
4,2014-06-03 19:20:00+00:00,2.385531,1.3743943,2.003529,52,73,73,94,0.3841146,0.5347656
4,2014-06-03 19:20:00+00:00,2.137159,1.344654,1.5025381,52,73,94,115,0.7601563,0.5261719
5,2014-06-05 19:10:00+00:00,2.3907669,0.92318785,0.8645428,10,31,94,115,0.72942704,-0.47382814
5,2014-06-05 19:10:00+00:00,3.7953875,3.3305323,3.222449,31,52,10,31,-0.6304687,0.120703116
5,2014-06-05 19:10:00+00:00,2.5846643,2.2764935,3.0710442,31,52,31,52,-0.31041664,0.041015625
5,2014-06-05 19:10:00+00:00,2.3303277,2.6565657,2.7784488,31,52,52,73,0.03125,0.03125
5,2014-06-05 19:10:00+00:00,1.8810016,2.1663475,1.849323,31,52,94,115,0.73333335,0.025000002
5,2014-06-05 19:10:00+00:00,2.436594,0.97883934,1.943671,52,73,31,52,-0.32343748,0.54648435
5,2014-06-05 19:10:00+00:00,2.2096395,1.686639,1.666162,52,73,52,73,0.034635417,0.50703126
5,2014-06-05 19:10:00+00:00,2.1232054,1.1347785,1.5897384,52,73,73,94,0.37057292,0.5410156
5,2014-06-05 19:10:00+00:00,1.8562992,1.236876,1.2566156,52,73,94,115,0.7502604,0.52851564
6,2014-06-07 18:55:00+00:00,2.0749376,0.9064279,0.8085279,10,31,94,115,0.73307294,-0.47851562
6,2014-06-07 18:55:00+00:00,1.9725703,1.6450809,2.2742884,31,52,31,52,-0.31536457,0.036718752
6,2014-06-07 18:55:00+00:00,1.8693975,1.9044566,1.6319946,31,52,94,115,0.73333335,0.025000002
6,2014-06-07 18:55:00+00:00,1.9580489,0.7699316,1.502364,52,73,31,52,-0.31901044,0.5667969
6,2014-06-07 18:55:00+00:00,2.0246234,1.3580806,1.380728,52,73,52,73,0.037760414,0.50820315
6,2014-06-07 18:55:00+00:00,2.08016,0.9501678,1.4313527,52,73,73,94,0.3958333,0.5484375
6,2014-06-07 18:55:00+00:00,1.9348326,1.2256398,1.2895447,52,73,94,115,0.73802084,0.53125
7,2014-06-14 19:00:00+00:00,2.2318249,0.8873141,0.80273217,10,31,94,115,0.7309896,-0.47460938
7,2014-06-14 19:00:00+00:00,2.5175433,2.3562875,3.176723,31,52,31,52,-0.31145835,0.041015625
7,2014-06-14 19:00:00+00:00,2.4787693,2.624271,2.9790406,31,52,52,73,0.028125,0.030859375
7,2014-06-14 19:00:00+00:00,2.2416258,2.5228446,2.580826,31,52,73,94,0.38151044,0.011718751
7,2014-06-14 19:00:00+00:00,1.7703737,2.1303751,1.8547463,31,52,94,115,0.73333335,0.025000002
7,2014-06-14 19:00:00+00:00,2.3902802,1.0656991,2.0134904,52,73,31,52,-0.3184896,0.5457032
7,2014-06-14 19:00:00+00:00,2.2756634,1.7616656,1.7902023,52,73,52,73,0.039583337,0.51093745
7,2014-06-14 19:00:00+00:00,2.1828794,0.93836427,1.6742933,52,73,73,94,0.38072914,0.5496094
7,2014-06-14 19:00:00+00:00,1.8045131,1.1857346,1.2574517,52,73,94,115,0.7416667,0.53164065
8,2014-06-16 18:50:00+00:00,1.8553692,1.9115098,2.094522,31,52,52,73,0.016666668,0.034765624
8,2014-06-16 18:50:00+00:00,1.8390446,1.6697654,1.8238138,31,52,73,94,0.39114583,0.012890625
8,2014-06-16 18:50:00+00:00,1.5262064,1.7073209,1.3385473,31,52,94,115,0.73333335,0.025000002
8,2014-06-16 18:50:00+00:00,2.0809278,1.0222756,1.5720179,52,73,31,52,-0.31848958,0.5320313
8,2014-06-16 18:50:00+00:00,1.9939032,1.3866862,1.3955888,52,73,52,73,0.034374997,0.509375
8,2014-06-16 18:50:00+00:00,2.033259,0.886743,1.4259566,52,73,73,94,0.38385418,0.5503906
8,2014-06-16 18:50:00+00:00,1.828138,1.136668,1.1772684,52,73,94,115,0.7421875,0.53125
9,2014-06-21 19:10:00+00:00,1.6231927,1.9431772,2.0473752,31,52,94,115,0.7132813,0.026953125
9,2014-06-21 19:10:00+00:00,2.3539834,1.5825384,2.1391647,52,73,31,52,-0.32161456,0.5171875
9,2014-06-21 19:10:00+00:00,2.341823,1.6776302,1.9999996,52,73,52,73,0.0390625,0.528125
9,2014-06-21 19:10:00+00:00,2.3210142,0.7629649,1.7965128,52,73,73,94,0.37343746,0.5566406
9,2014-06-21 19:10:00+00:00,1.785764,1.1394745,1.1995524,52,73,94,115,0.74427086,0.52421874
10,2014-06-28 19:15:00+00:00,1.7005572,1.8725578,1.5861274,31,52,94,115,0.73333335,0.025000002
10,2014-06-28 19:15:00+00:00,2.1527736,1.5230181,1.5255315,52,73,52,73,0.039843753,0.51835936
10,2014-06-28 19:15:00+00:00,1.8235505,1.1384708,1.1324354,52,73,94,115,0.7486979,0.5277344
11,2014-07-02 18:50:00+00:00,1.7466866,1.750915,1.7883418,31,52,94,115,0.7239583,0.037109375
12,2014-07-04 18:35:00+00:00,1.9527805,0.89711905,0.7176208,10,31,94,115,0.73203135,-0.47617185
12,2014-07-04 18:35:00+00:00,2.2106771,1.7175833,2.3442059,31,52,31,52,-0.30703127,0.041796874
12,2014-07-04 18:35:00+00:00,2.0691254,2.0777738,2.1609268,31,52,52,73,0.019791666,0.02734375
12,2014-07-04 18:35:00+00:00,1.7499621,1.8909494,1.5273004,31,52,94,115,0.73333335,0.025000002
12,2014-07-04 18:35:00+00:00,2.3953006,1.3091991,1.6723107,52,73,31,52,-0.30859375,0.521875
12,2014-07-04 18:35:00+00:00,2.044593,1.3632771,1.3156852,52,73,94,115,0.7395833,0.5265625
15,2014-07-07 19:10:00+00:00,1.7316895,2.325788,2.3023028,31,52,94,115,0.73046875,0.0515625
15,2014-07-07 19:10:00+00:00,2.3405108,1.408137,1.5724212,52,73,94,115,0.7502605,0.5285156
16,2014-07-09 18:55:00+00:00,2.5484343,1.1083255,1.7099115,52,73,31,52,-0.3205729,0.5335938
16,2014-07-09 18:55:00+00:00,2.4378533,1.4451889,1.5509571,52,73,52,73,0.034375,0.5019531
17,2014-07-11 18:45:00+00:00,1.5729539,1.8822166,1.802639,31,52,94,115,0.73619795,0.029687501
18,2014-07-14 19:15:00+00:00,1.4478992,0.75340974,0.49839917,10,31,94,115,0.7239584,-0.47500002
18,2014-07-14 19:15:00+00:00,1.5390906,1.290413,1.857035,31,52,31,52,-0.31067708,0.041015625
18,2014-07-14 19:15:00+00:00,1.5730621,1.6476116,1.7124411,31,52,52,73,0.02890625,0.0296875
18,2014-07-14 19:15:00+00:00,1.6257421,1.4254086,1.5217358,31,52,73,94,0.3893229,0.0121093765
18,2014-07-14 19:15:00+00:00,1.3209182,1.4974589,1.0708785,31,52,94,115,0.73333335,0.025000002
18,2014-07-14 19:15:00+00:00,1.8098419,0.8022151,1.2786653,52,73,31,52,-0.30989584,0.5421875
18,2014-07-14 19:15:00+00:00,1.9595212,1.1460321,1.1463659,52,73,52,73,0.03671875,0.5097656
18,2014-07-14 19:15:00+00:00,1.773473,0.7858216,1.1312033,52,73,73,94,0.38723958,0.54609376
18,2014-07-14 19:15:00+00:00,1.4568206,0.9911992,0.9375641,52,73,94,115,0.7505208,0.5292969
19,2014-07-17 18:05:00+00:00,1.6080503,0.84505993,0.67319167,10,31,94,115,0.7348958,-0.4765625
19,2014-07-17 18:05:00+00:00,2.564406,2.2859871,2.3606598,31,52,10,31,-0.6268229,0.12109374
19,2014-07-17 18:05:00+00:00,2.1174557,1.529036,2.1217287,31,52,31,52,-0.31171876,0.038671874
19,2014-07-17 18:05:00+00:00,1.9897134,1.8685392,2.0441284,31,52,52,73,0.02838542,0.029687501
19,2014-07-17 18:05:00+00:00,1.922619,1.6067209,1.8165106,31,52,73,94,0.3953125,0.013281253
19,2014-07-17 18:05:00+00:00,1.6403785,1.7229525,1.3616585,31,52,94,115,0.73333335,0.025000002
19,2014-07-17 18:05:00+00:00,1.679733,1.1694592,1.4366251,52,73,31,52,-0.3231771,0.515625
19,2014-07-17 18:05:00+00:00,1.8906308,1.0208375,1.3702221,52,73,73,94,0.37291667,0.54648435
19,2014-07-17 18:05:00+00:00,1.616673,1.1571548,1.1534652,52,73,94,115,0.7536458,0.5292969
20,2014-07-31 18:20:00+00:00,0.8026834,0.92585915,0.78057516,10,31,94,115,0.7322917,-0.49140626
21,2014-08-03 18:50:00+00:00,1.4152869,0.73233676,0.49071738,10,31,94,115,0.72526044,-0.47460938
21,2014-08-03 18:50:00+00:00,2.9901412,2.2831285,2.5973308,31,52,10,31,-0.62135416,0.12148438
21,2014-08-03 18:50:00+00:00,2.0879807,1.5588433,2.2196412,31,52,31,52,-0.30911458,0.04140625
21,2014-08-03 18:50:00+00:00,1.6319988,2.027171,1.9471624,31,52,52,73,0.028385416,0.030859375
21,2014-08-03 18:50:00+00:00,1.5282681,1.6548193,1.6698946,31,52,73,94,0.38333333,0.0140625015
21,2014-08-03 18:50:00+00:00,1.470032,1.5169071,1.1304865,31,52,94,115,0.73333335,0.025000002
21,2014-08-03 18:50:00+00:00,1.3783615,0.721343,1.4818189,52,73,31,52,-0.32343748,0.54648435
21,2014-08-03 18:50:00+00:00,1.4422777,1.3115569,1.2057023,52,73,52,73,0.044531252,0.51054686
21,2014-08-03 18:50:00+00:00,1.4945558,0.6814777,1.1714592,52,73,73,94,0.38359374,0.5503906
21,2014-08-03 18:50:00+00:00,1.291432,0.9594262,0.8607662,52,73,94,115,0.7502604,0.5296875
22,2014-08-07 18:25:00+00:00,2.151464,1.2153921,1.7481874,31,52,31,52,-0.31171876,0.040625
22,2014-08-07 18:25:00+00:00,1.5165355,1.5620552,1.6519886,31,52,52,73,0.03203125,0.0296875
23,2014-08-09 18:15:00+00:00,1.058952,0.61396784,0.39407954,10,31,94,115,0.734375,-0.4765625
23,2014-08-09 18:15:00+00:00,2.5424564,1.8353434,2.2028813,31,52,10,31,-0.6221354,0.12109374
23,2014-08-09 18:15:00+00:00,1.9992657,1.278909,1.827735,31,52,31,52,-0.30911458,0.04140625
23,2014-08-09 18:15:00+00:00,1.7411255,1.591751,1.7391145,31,52,52,73,0.015104168,0.032421876
24,2014-08-10 18:55:00+00:00,1.2102875,0.68925196,0.43125442,10,31,94,115,0.7317709,-0.47460938
24,2014-08-10 18:55:00+00:00,1.6683851,1.2248552,1.7810743,31,52,31,52,-0.3078125,0.041796874
24,2014-08-10 18:55:00+00:00,1.484251,1.5252527,1.5684893,31,52,52,73,0.029947918,0.030078126
24,2014-08-10 18:55:00+00:00,1.5827366,1.2636211,1.3420675,31,52,73,94,0.38880208,0.011718751
24,2014-08-10 18:55:00+00:00,1.2574646,1.3443766,0.89095485,31,52,94,115,0.73333335,0.025000002
24,2014-08-10 18:55:00+00:00,1.3092988,0.7566448,1.2172378,52,73,31,52,-0.3046875,0.546875
24,2014-08-10 18:55:00+00:00,1.2448872,1.042543,1.0187755,52,73,52,73,0.041927084,0.5101563
24,2014-08-10 18:55:00+00:00,1.3902953,0.5995785,0.98828983,52,73,73,94,0.38697916,0.55078125
24,2014-08-10 18:55:00+00:00,1.2596352,0.9306727,0.7777741,52,73,94,115,0.7416667,0.53085935
25,2014-08-13 17:50:00+00:00,3.1520758,1.0623072,1.2117822,10,31,94,115,0.7265625,-0.47460938
25,2014-08-13 17:50:00+00:00,4.5286193,4.6059084,4.642053,31,52,10,31,-0.6372396,0.11562501
25,2014-08-13 17:50:00+00:00,3.9519863,3.501964,4.3892007,31,52,31,52,-0.31432292,0.040625
25,2014-08-13 17:50:00+00:00,3.3455365,3.679762,4.022344,31,52,52,73,0.016145837,0.03125
25,2014-08-13 17:50:00+00:00,2.9945068,3.412209,3.5177164,31,52,73,94,0.38203126,0.008593753
25,2014-08-13 17:50:00+00:00,2.3333318,2.785352,2.6497095,31,52,94,115,0.73333335,0.025000002
25,2014-08-13 17:50:00+00:00,2.5838034,1.7334905,2.8722348,52,73,31,52,-0.31796876,0.5402343
25,2014-08-13 17:50:00+00:00,2.4904149,2.5667367,2.385614,52,73,52,73,0.042447917,0.5097656
25,2014-08-13 17:50:00+00:00,2.5823178,1.3031309,2.2471352,52,73,73,94,0.37890625,0.54765624
25,2014-08-13 17:50:00+00:00,2.1784425,1.499326,1.6606494,52,73,94,115,0.7453125,0.5289062
27,2014-08-18 18:05:00+00:00,2.6101832,2.0140648,1.8907095,31,52,10,31,-0.6526041,0.123437494
27,2014-08-18 18:05:00+00:00,2.448829,1.0329487,1.5252401,31,52,31,52,-0.31328124,0.044140626
27,2014-08-18 18:05:00+00:00,1.2134432,0.56503147,1.1160967,52,73,31,52,-0.31354165,0.5515625
27,2014-08-18 18:05:00+00:00,1.3737279,0.99674815,1.0367358,52,73,52,73,0.040364586,0.5101563
27,2014-08-18 18:05:00+00:00,1.4899639,0.65370655,1.0491059,52,73,73,94,0.36927083,0.5605469
27,2014-08-18 18:05:00+00:00,1.2834716,0.71582496,0.8565795,52,73,94,115,0.76171875,0.54765624
28,2014-08-25 18:15:00+00:00,2.7650762,1.9258157,2.5067701,31,52,31,52,-0.3098958,0.040234372
28,2014-08-25 18:15:00+00:00,2.3913603,2.178333,2.3942428,31,52,52,73,0.027083335,0.029687501
28,2014-08-25 18:15:00+00:00,2.6519754,1.7881001,2.16696,31,52,73,94,0.39140627,0.01328125
28,2014-08-25 18:15:00+00:00,2.0792966,1.8403666,1.6465023,31,52,94,115,0.73333335,0.025000002
28,2014-08-25 18:15:00+00:00,1.7725095,0.97881186,1.7711449,52,73,31,52,-0.32343748,0.54648435
28,2014-08-25 18:15:00+00:00,1.9340415,1.528964,1.6048363,52,73,52,73,0.034374997,0.509375
28,2014-08-25 18:15:00+00:00,2.0206258,1.0355908,1.6045831,52,73,73,94,0.37942708,0.5511719
28,2014-08-25 18:15:00+00:00,1.7533655,1.2250086,1.3399104,52,73,94,115,0.7416667,0.53125
29,2014-08-26 18:55:00+00:00,1.9830122,0.9176124,0.9200581,10,31,94,115,0.7317709,-0.47460938
29,2014-08-26 18:55:00+00:00,2.3390064,3.4473782,3.1891127,31,52,52,73,0.031510416,0.017968751
29,2014-08-26 18:55:00+00:00,2.762278,2.5318248,2.8057957,31,52,73,94,0.38619792,0.0125
29,2014-08-26 18:55:00+00:00,2.1367972,2.2577817,2.1673717,31,52,94,115,0.73333335,0.025000002
29,2014-08-26 18:55:00+00:00,1.7894567,1.2941234,2.1761343,52,73,31,52,-0.3440104,0.55937505
29,2014-08-26 18:55:00+00:00,2.1243768,0.9885499,1.8043154,52,73,73,94,0.38125,0.5511719
29,2014-08-26 18:55:00+00:00,1.716166,1.2221574,1.3862389,52,73,94,115,0.7447917,0.53164065
30,2014-08-27 18:00:00+00:00,1.6664413,1.7037883,1.3680587,31,52,94,115,0.73333335,0.025000002
30,2014-08-27 18:00:00+00:00,1.3634256,0.8559662,1.2039739,52,73,31,52,-0.32473958,0.53125
31,2014-08-28 18:45:00+00:00,2.8071156,0.90381914,0.9059846,10,31,94,115,0.7221354,-0.48945314
31,2014-08-28 18:45:00+00:00,4.3563395,4.002009,3.8326066,31,52,10,31,-0.65729165,0.124609366
31,2014-08-28 18:45:00+00:00,3.5347235,2.710754,3.4511983,31,52,31,52,-0.31041664,0.041015625
31,2014-08-28 18:45:00+00:00,2.2719262,1.4306357,2.4654765,52,73,31,52,-0.32395834,0.540625
31,2014-08-28 18:45:00+00:00,2.6849923,1.3314743,2.172615,52,73,73,94,0.38046876,0.5546875
31,2014-08-28 18:45:00+00:00,2.1728754,1.4527202,1.7711551,52,73,94,115,0.7505208,0.5296875
32,2014-09-03 18:05:00+00:00,1.6956062,0.91665244,0.9918255,10,31,94,115,0.7221354,-0.46328124
32,2014-09-03 18:05:00+00:00,2.8785157,2.7157176,2.836281,31,52,31,52,-0.30625,0.052734375
32,2014-09-03 18:05:00+00:00,3.26445,2.435143,2.8654199,31,52,52,73,0.019791668,0.035156254
32,2014-09-03 18:05:00+00:00,2.8057435,2.234904,2.3001246,31,52,94,115,0.73333335,0.025000002
32,2014-09-03 18:05:00+00:00,2.6028354,1.5293722,2.3727202,52,73,31,52,-0.3205729,0.5453125
32,2014-09-03 18:05:00+00:00,2.505385,1.8692015,2.321732,52,73,52,73,0.04114584,0.5144531
32,2014-09-03 18:05:00+00:00,2.8959498,1.6512818,2.3324087,52,73,73,94,0.37265623,0.5554688
32,2014-09-03 18:05:00+00:00,2.8483276,1.7230153,2.212341,52,73,94,115,0.74609375,0.5332031
33,2014-09-04 18:50:00+00:00,2.7914548,2.3479636,2.5407498,31,52,94,115,0.7294271,0.029687501
34,2014-09-07 17:40:00+00:00,2.0001097,0.8924787,0.9489436,10,31,94,115,0.72239584,-0.47890627
34,2014-09-07 17:40:00+00:00,3.7864199,3.4804387,3.7296288,31,52,10,31,-0.62630206,0.11679688
34,2014-09-07 17:40:00+00:00,3.2026463,2.621436,3.3704886,31,52,31,52,-0.31458336,0.0359375
34,2014-09-07 17:40:00+00:00,3.118557,2.779549,3.0954,31,52,52,73,0.021354169,0.028906252
34,2014-09-07 17:40:00+00:00,2.260359,2.2409754,2.2236216,31,52,94,115,0.73333335,0.025000002
34,2014-09-07 17:40:00+00:00,2.7400796,1.7484812,2.5958552,52,73,31,52,-0.31093752,0.53867185
34,2014-09-07 17:40:00+00:00,2.46956,2.0880532,2.314202,52,73,52,73,0.038020834,0.5058594
34,2014-09-07 17:40:00+00:00,3.082122,1.6522692,2.2365773,52,73,73,94,0.3752604,0.5289062
34,2014-09-07 17:40:00+00:00,2.92717,1.5778908,1.9138418,52,73,94,115,0.74817705,0.52617186
35,2014-09-08 18:25:00+00:00,2.0597367,0.66811013,0.75986797,10,31,94,115,0.72838545,-0.46601564
35,2014-09-08 18:25:00+00:00,4.0235596,2.9804006,3.6302655,31,52,31,52,-0.30546874,0.041796878
35,2014-09-08 18:25:00+00:00,3.8353791,2.9132302,3.381937,31,52,52,73,0.031770833,0.03046875
35,2014-09-08 18:25:00+00:00,2.2246811,2.1700218,2.2396283,31,52,94,115,0.73333335,0.025000002
35,2014-09-08 18:25:00+00:00,3.4710586,2.42929,3.25194,52,73,31,52,-0.2971354,0.546875
35,2014-09-08 18:25:00+00:00,3.1114864,2.197052,2.8745663,52,73,52,73,0.03307292,0.51875
35,2014-09-08 18:25:00+00:00,3.7201834,1.9513966,2.7430637,52,73,73,94,0.3825521,0.5570313
35,2014-09-08 18:25:00+00:00,3.435526,1.7392927,2.261434,52,73,94,115,0.7466146,0.53164065
37,2014-09-16 19:15:00+00:00,2.71968,2.293819,3.0657442,31,52,31,52,-0.3046875,0.04140625
37,2014-09-16 19:15:00+00:00,2.7265153,2.5146947,2.8723695,31,52,52,73,0.030208334,0.03046875
37,2014-09-16 19:15:00+00:00,1.8428233,1.3578008,2.0821066,52,73,31,52,-0.3020833,0.54296875
38,2014-09-17 18:20:00+00:00,3.4619029,2.981102,3.025618,31,52,10,31,-0.628125,0.122656256
38,2014-09-17 18:20:00+00:00,2.4013472,2.272768,2.5390115,31,52,52,73,0.028125001,0.03046875
38,2014-09-17 18:20:00+00:00,2.418375,2.0537972,2.2628675,31,52,73,94,0.38723958,0.013281252
38,2014-09-17 18:20:00+00:00,2.0378067,2.0201194,1.7559549,31,52,94,115,0.73333335,0.025000002
38,2014-09-17 18:20:00+00:00,2.1397917,1.2386173,1.9500971,52,73,31,52,-0.3067708,0.54648435
38,2014-09-17 18:20:00+00:00,2.3584805,1.6421952,1.7713206,52,73,52,73,0.032812502,0.51250005
38,2014-09-17 18:20:00+00:00,2.4625008,1.2030383,1.7973318,52,73,73,94,0.38046876,0.55
38,2014-09-17 18:20:00+00:00,2.2519293,1.362311,1.5154449,52,73,94,115,0.75182295,0.5292969
39,2014-09-18 19:00:00+00:00,2.9462795,2.6744218,2.6680763,31,52,10,31,-0.64140624,0.11914063
39,2014-09-18 19:00:00+00:00,2.6048615,1.7964602,2.497688,31,52,31,52,-0.3125,0.040625
39,2014-09-18 19:00:00+00:00,1.6781746,1.5885377,1.6552235,31,52,94,115,0.7085937,0.027734375
40,2014-09-19 18:05:00+00:00,1.8116544,0.8503961,0.81241304,10,31,94,115,0.7309896,-0.4753906
40,2014-09-19 18:05:00+00:00,3.6837878,2.9407935,2.7959628,31,52,10,31,-0.6536458,0.12382813
40,2014-09-19 18:05:00+00:00,2.5912447,1.9774535,2.5548663,31,52,31,52,-0.3140625,0.039453126
40,2014-09-19 18:05:00+00:00,1.7239779,1.0498632,1.7629132,52,73,31,52,-0.32630208,0.5390625
40,2014-09-19 18:05:00+00:00,1.8431177,1.486712,1.7117114,52,73,52,73,0.039843753,0.50039065
41,2014-09-20 18:50:00+00:00,2.7214193,1.1413769,1.4148985,10,31,94,115,0.72499996,-0.46601564
41,2014-09-20 18:50:00+00:00,3.9015477,3.3560016,3.616519,31,52,52,73,0.020572918,0.03046875
41,2014-09-20 18:50:00+00:00,2.7248328,2.7866113,2.9640226,31,52,94,115,0.73333335,0.025000002
41,2014-09-20 18:50:00+00:00,2.8577416,1.8019513,2.1589942,52,73,94,115,0.7554688,0.5167969
42,2014-09-23 17:40:00+00:00,2.6447196,1.1210053,1.363273,10,31,94,115,0.72682285,-0.4734375
42,2014-09-23 17:40:00+00:00,3.7637167,3.1523683,3.9783297,31,52,31,52,-0.31979167,0.03671875
42,2014-09-23 17:40:00+00:00,3.4691281,3.354318,3.7844534,31,52,52,73,0.011979168,0.028515626
42,2014-09-23 17:40:00+00:00,3.509785,3.266063,3.482473,31,52,73,94,0.3828125,0.0058593783
42,2014-09-23 17:40:00+00:00,2.5565157,2.8242264,2.768041,31,52,94,115,0.73333335,0.025000002
42,2014-09-23 17:40:00+00:00,2.2833838,1.6644609,2.752473,52,73,31,52,-0.31979167,0.53945315
42,2014-09-23 17:40:00+00:00,2.725789,2.2733204,2.4904084,52,73,52,73,0.039583333,0.49960938
42,2014-09-23 17:40:00+00:00,2.861618,1.587431,2.420061,52,73,73,94,0.37864584,0.540625
42,2014-09-23 17:40:00+00:00,2.3866928,1.6782725,2.000107,52,73,94,115,0.74687505,0.5261719
43,2014-09-23 19:20:00+00:00,2.666442,1.005096,1.2050916,10,31,94,115,0.734375,-0.47851562
43,2014-09-23 19:20:00+00:00,3.6520727,3.185716,4.0648293,31,52,31,52,-0.30911458,0.03984375
43,2014-09-23 19:20:00+00:00,3.470618,3.3221653,3.8330593,31,52,52,73,0.023437502,0.030859377
43,2014-09-23 19:20:00+00:00,3.493043,2.978198,3.5241525,31,52,73,94,0.38854164,0.010937502
43,2014-09-23 19:20:00+00:00,2.4958901,2.7023783,2.7354367,31,52,94,115,0.73333335,0.025000002
43,2014-09-23 19:20:00+00:00,2.252253,1.6884365,2.780627,52,73,31,52,-0.31692708,0.53867185
43,2014-09-23 19:20:00+00:00,2.7183309,2.348687,2.5507767,52,73,52,73,0.03984375,0.51171875
43,2014-09-23 19:20:00+00:00,2.8105328,1.493867,2.4534147,52,73,73,94,0.3830729,0.5414062
43,2014-09-23 19:20:00+00:00,2.4180567,1.5147389,1.9186482,52,73,94,115,0.7515625,0.5300781
44,2014-09-24 18:25:00+00:00,2.9330902,1.1909826,1.464612,10,31,94,115,0.72812504,-0.4765625
44,2014-09-24 18:25:00+00:00,4.184879,4.0190043,4.192809,31,52,10,31,-0.6223958,0.12148438
44,2014-09-24 18:25:00+00:00,3.4236479,3.218028,3.9080744,31,52,31,52,-0.30911458,0.04140625
44,2014-09-24 18:25:00+00:00,3.5354538,3.4463775,3.8192315,31,52,52,73,0.034114584,0.02890625
44,2014-09-24 18:25:00+00:00,3.6829405,3.1382346,3.5609014,31,52,73,94,0.38567707,0.013671876
44,2014-09-24 18:25:00+00:00,2.8124735,2.8836448,2.9748557,31,52,94,115,0.73333335,0.025000002
44,2014-09-24 18:25:00+00:00,2.3229718,1.9483541,2.8500023,52,73,31,52,-0.3046875,0.546875
44,2014-09-24 18:25:00+00:00,3.0178208,2.393527,2.6589968,52,73,52,73,0.03984375,0.5097656
44,2014-09-24 18:25:00+00:00,3.18351,1.6820623,2.6150048,52,73,73,94,0.378125,0.54960936
44,2014-09-24 18:25:00+00:00,2.7203317,1.7716442,2.2510703,52,73,94,115,0.7536458,0.5296875
46,2014-09-26 18:15:00+00:00,2.2801347,1.0307348,1.193807,10,31,94,115,0.7299479,-0.4753906
46,2014-09-26 18:15:00+00:00,2.964953,2.666065,3.4405615,31,52,31,52,-0.3151042,0.0390625
46,2014-09-26 18:15:00+00:00,3.1818357,3.007778,3.3762748,31,52,52,73,0.034114584,0.028125001
46,2014-09-26 18:15:00+00:00,3.289472,2.7820303,3.1282227,31,52,73,94,0.38463542,0.01328125
46,2014-09-26 18:15:00+00:00,2.406406,2.596536,2.5873547,31,52,94,115,0.73333335,0.025000002
46,2014-09-26 18:15:00+00:00,2.0258467,1.4577205,2.501219,52,73,31,52,-0.32604164,0.54648435
46,2014-09-26 18:15:00+00:00,2.9152012,2.1370578,2.3979676,52,73,52,73,0.03828125,0.50859374
46,2014-09-26 18:15:00+00:00,2.9966595,1.5741605,2.4505436,52,73,73,94,0.3700521,0.5492187
46,2014-09-26 18:15:00+00:00,2.7537048,1.6729146,2.1217391,52,73,94,115,0.74348956,0.53085935
47,2014-09-27 18:55:00+00:00,3.133367,1.9417936,2.3442538,52,73,94,115,0.7424479,0.5332031
48,2014-09-29 18:45:00+00:00,2.3685691,0.9333916,0.9590974,10,31,94,115,0.7283854,-0.4753906
48,2014-09-29 18:45:00+00:00,4.39401,4.4019756,4.296754,31,52,10,31,-0.65442705,0.12421875
48,2014-09-29 18:45:00+00:00,3.6531715,3.06153,3.8751533,31,52,31,52,-0.30833334,0.04140625
48,2014-09-29 18:45:00+00:00,3.6245575,3.2554321,3.597631,31,52,52,73,0.03515625,0.028125001
48,2014-09-29 18:45:00+00:00,2.7701025,2.8057349,3.2120879,31,52,73,94,0.38125002,0.012109376
48,2014-09-29 18:45:00+00:00,2.1758113,2.4729047,2.2729406,31,52,94,115,0.73333335,0.025000002
48,2014-09-29 18:45:00+00:00,2.2161758,2.0720227,3.0159855,52,73,31,52,-0.2971354,0.546875
48,2014-09-29 18:45:00+00:00,3.7178228,2.2886841,2.6237047,52,73,52,73,0.032812502,0.51250005
48,2014-09-29 18:45:00+00:00,3.4665632,1.5952623,2.4883912,52,73,73,94,0.37942708,0.55078125
48,2014-09-29 18:45:00+00:00,2.4861631,1.6158888,1.8789161,52,73,94,115,0.746875,0.53085935
49,2014-10-12 18:05:00+00:00,2.7156296,1.0057557,1.1350297,10,31,94,115,0.721875,-0.4640625
49,2014-10-12 18:05:00+00:00,3.7125583,2.9538836,3.5786324,31,52,31,52,-0.31640628,0.04453125
49,2014-10-12 18:05:00+00:00,3.14932,3.0511997,3.291293,31,52,52,73,0.0203125,0.029687501
49,2014-10-12 18:05:00+00:00,2.7905688,2.5624464,2.5153024,31,52,94,115,0.73333335,0.025000002
49,2014-10-12 18:05:00+00:00,4.44072,2.2942553,2.8292134,52,73,10,31,-0.6330729,0.46835938
49,2014-10-12 18:05:00+00:00,3.07386,1.7432798,2.6543806,52,73,31,52,-0.30729166,0.54648435
49,2014-10-12 18:05:00+00:00,2.2346253,2.0810182,2.2839363,52,73,52,73,0.038020834,0.5199219
49,2014-10-12 18:05:00+00:00,2.9590695,1.4907792,2.2548096,52,73,73,94,0.37578127,0.5558594
49,2014-10-12 18:05:00+00:00,3.1674247,1.6697882,2.0052714,52,73,94,115,0.73828125,0.53437495
50,2014-10-12 18:10:00+00:00,2.6346865,1.1502544,1.440389,10,31,94,115,0.7317709,-0.47460938
51,2014-10-12 18:15:00+00:00,4.401893,3.7375212,3.7983432,31,52,10,31,-0.6377604,0.1203125
51,2014-10-12 18:15:00+00:00,3.414546,2.960348,3.660407,31,52,31,52,-0.3098958,0.03984375
51,2014-10-12 18:15:00+00:00,2.7364187,3.3547182,3.2816541,31,52,52,73,0.02578125,0.02890625
51,2014-10-12 18:15:00+00:00,2.6750724,1.6678134,2.5975778,52,73,31,52,-0.30729166,0.54648435
51,2014-10-12 18:15:00+00:00,2.0863826,2.1645582,2.130005,52,73,52,73,0.040625002,0.5101563
51,2014-10-12 18:15:00+00:00,2.6514442,1.4806477,2.2023568,52,73,73,94,0.3747396,0.54960936
51,2014-10-12 18:15:00+00:00,2.8403807,1.6590044,1.9965063,52,73,94,115,0.7447916,0.53085935
52,2014-10-23 17:55:00+00:00,3.3285937,3.093582,3.920433,31,52,31,52,-0.3015625,0.050390624
52,2014-10-23 17:55:00+00:00,2.9747238,3.1217482,2.9727561,31,52,94,115,0.7294271,0.020312503
52,2014-10-23 17:55:00+00:00,3.1962156,1.9973468,2.5897386,52,73,10,31,-0.625,0.47304687
52,2014-10-23 17:55:00+00:00,2.162907,1.3914715,2.4364383,52,73,31,52,-0.31927085,0.5421875
52,2014-10-23 17:55:00+00:00,2.5041575,2.2251127,2.1869993,52,73,52,73,0.043229166,0.5191406
52,2014-10-23 17:55:00+00:00,2.5814722,1.2957542,2.1964905,52,73,73,94,0.3752604,0.5535156
52,2014-10-23 17:55:00+00:00,2.4887824,1.352597,1.911268,52,73,94,115,0.7328125,0.54296875
53,2014-10-26 18:25:00+00:00,3.9397354,1.3394591,1.7968287,10,31,94,115,0.7208333,-0.46132812
53,2014-10-26 18:25:00+00:00,3.3273137,2.8827617,3.7177718,31,52,31,52,-0.30859375,0.045703124
53,2014-10-26 18:25:00+00:00,3.589164,3.3429003,3.509653,31,52,52,73,0.024739586,0.02890625
53,2014-10-26 18:25:00+00:00,2.7966561,3.5954819,3.3516443,31,52,73,94,0.3828125,0.012500001
53,2014-10-26 18:25:00+00:00,3.0015368,3.1534667,3.1133246,31,52,94,115,0.73333335,0.025000002
53,2014-10-26 18:25:00+00:00,3.5010016,1.9251666,2.5102787,52,73,10,31,-0.63177085,0.4753906
53,2014-10-26 18:25:00+00:00,1.9904046,1.5657203,2.3566582,52,73,31,52,-0.29765627,0.5480469
53,2014-10-26 18:25:00+00:00,2.3456347,2.068284,2.1902177,52,73,52,73,0.029687501,0.5222656
53,2014-10-26 18:25:00+00:00,2.644984,1.4373469,2.2086458,52,73,73,94,0.3890625,0.55546874
53,2014-10-26 18:25:00+00:00,2.7039204,1.7289156,2.1007378,52,73,94,115,0.7492187,0.53398436
54,2014-11-11 18:25:00+00:00,2.26392,2.1563761,2.2953858,31,52,94,115,0.7135416,0.026953125
54,2014-11-11 18:25:00+00:00,2.1020656,1.0978305,1.609501,52,73,73,94,0.3875,0.55
54,2014-11-11 18:25:00+00:00,2.1375797,1.4718108,1.527406,52,73,94,115,0.75026035,0.53164065
55,2015-05-01 18:01:00+00:00,2.3091726,0.9337829,0.8079177,10,31,94,115,0.7341146,-0.48164064
55,2015-05-01 18:01:00+00:00,2.8236692,1.8856788,2.6279635,31,52,31,52,-0.3122396,0.040234372
55,2015-05-01 18:01:00+00:00,2.2345967,2.2197077,2.470713,31,52,52,73,0.015885418,0.034375
55,2015-05-01 18:01:00+00:00,1.8403847,2.063577,1.7016708,31,52,94,115,0.73333335,0.025000002
55,2015-05-01 18:01:00+00:00,2.202826,1.0553162,1.7252085,52,73,31,52,-0.3239583,0.53867185
55,2015-05-01 18:01:00+00:00,2.12109,1.5345149,1.5988417,52,73,52,73,0.044531252,0.52031255
55,2015-05-01 18:01:00+00:00,2.1339483,1.1109009,1.5326879,52,73,73,94,0.3703125,0.5460937
56,2015-05-01 18:05:00+00:00,2.3091726,0.9019885,0.7614699,10,31,94,115,0.7341146,-0.48164064
56,2015-05-01 18:05:00+00:00,2.8236692,1.8624846,2.6743426,31,52,31,52,-0.3122396,0.040234372
56,2015-05-01 18:05:00+00:00,2.2345967,2.2194364,2.4939196,31,52,52,73,0.015885418,0.034375
56,2015-05-01 18:05:00+00:00,1.8403847,2.0876873,1.6660118,31,52,94,115,0.73333335,0.025000002
56,2015-05-01 18:05:00+00:00,2.1099646,1.5044641,1.5768331,52,73,52,73,0.042708337,0.51953125
56,2015-05-01 18:05:00+00:00,2.062344,1.210445,1.4970077,52,73,73,94,0.36796874,0.53945315
57,2015-05-01 18:10:00+00:00,2.2726228,1.0916325,1.7172256,52,73,31,52,-0.31015626,0.5453125
58,2015-05-02 18:50:00+00:00,2.3201516,0.9151589,0.80690545,10,31,94,115,0.7307292,-0.4753906
58,2015-05-02 18:50:00+00:00,3.4212203,3.0069695,2.8872433,31,52,10,31,-0.63411456,0.12148438
58,2015-05-02 18:50:00+00:00,3.0673118,1.8723073,2.549256,31,52,31,52,-0.30572918,0.0375
58,2015-05-02 18:50:00+00:00,2.3137944,2.1581357,2.4164257,31,52,52,73,0.024999999,0.03203125
58,2015-05-02 18:50:00+00:00,1.9391022,2.064517,1.7518748,31,52,94,115,0.73333335,0.025000002
58,2015-05-02 18:50:00+00:00,2.314398,1.1113662,1.7982113,52,73,31,52,-0.30520833,0.54648435
58,2015-05-02 18:50:00+00:00,2.1876407,1.5164857,1.5970169,52,73,52,73,0.037760418,0.5046875
58,2015-05-02 18:50:00+00:00,2.2120416,1.1237037,1.6177666,52,73,73,94,0.37786457,0.54765624
58,2015-05-02 18:50:00+00:00,1.9910111,1.3389413,1.4438434,52,73,94,115,0.7476562,0.53046876
59,2015-05-03 17:55:00+00:00,1.6852347,1.9288284,1.5202899,31,52,94,115,0.73333335,0.025000002
59,2015-05-03 17:55:00+00:00,2.2690532,1.1958524,1.5224127,52,73,31,52,-0.32578126,0.5199219
59,2015-05-03 17:55:00+00:00,1.7588708,1.270278,1.3118557,52,73,94,115,0.7544271,0.5191406
60,2015-05-07 19:10:00+00:00,2.3445308,0.98164326,0.87172306,10,31,94,115,0.7291666,-0.4796875
60,2015-05-07 19:10:00+00:00,3.6519628,3.4396946,3.3018224,31,52,10,31,-0.64427084,0.11992188
60,2015-05-07 19:10:00+00:00,2.7389104,2.2472796,3.071624,31,52,31,52,-0.3049479,0.040625
60,2015-05-07 19:10:00+00:00,1.7985221,2.2374768,1.8865721,31,52,94,115,0.73333335,0.025000002
60,2015-05-07 19:10:00+00:00,2.263889,1.1319007,2.0067787,52,73,31,52,-0.3122396,0.5445312
60,2015-05-07 19:10:00+00:00,2.3381357,1.6868612,1.7201686,52,73,52,73,0.036197916,0.50390625
60,2015-05-07 19:10:00+00:00,2.3182564,1.1353414,1.651673,52,73,73,94,0.36874998,0.5460937
60,2015-05-07 19:10:00+00:00,1.8923069,1.3735011,1.3905189,52,73,94,115,0.7481771,0.5230469
61,2015-05-11 18:45:00+00:00,2.1879313,0.8671878,0.82043576,10,31,94,115,0.7393229,-0.47929686
61,2015-05-11 18:45:00+00:00,1.929024,2.0960345,1.8029861,31,52,94,115,0.73333335,0.025000002
61,2015-05-11 18:45:00+00:00,2.2458298,1.0997024,1.6658938,52,73,73,94,0.3776042,0.5492187
61,2015-05-11 18:45:00+00:00,2.0693169,1.3404064,1.4396082,52,73,94,115,0.7471354,0.5289062
62,2015-05-23 19:10:00+00:00,2.0267758,0.8693799,0.8948412,10,31,94,115,0.71875,-0.46328124
62,2015-05-23 19:10:00+00:00,2.6376553,2.2299237,2.9793491,31,52,31,52,-0.30546874,0.04140625
62,2015-05-23 19:10:00+00:00,2.4342422,2.499326,2.7453177,31,52,52,73,0.020572918,0.03828125
62,2015-05-23 19:10:00+00:00,1.9329344,2.1364934,1.9059623,31,52,94,115,0.73333335,0.025000002
62,2015-05-23 19:10:00+00:00,2.0033572,0.983544,1.886222,52,73,31,52,-0.3205729,0.54648435
62,2015-05-23 19:10:00+00:00,2.2286155,1.6445867,1.6370099,52,73,52,73,0.032291666,0.50390625
62,2015-05-23 19:10:00+00:00,2.2152972,1.0333189,1.5707055,52,73,73,94,0.38515627,0.5453125
62,2015-05-23 19:10:00+00:00,1.8464103,1.2602941,1.2817329,52,73,94,115,0.75885415,0.52421874
63,2015-06-03 18:50:00+00:00,2.4590974,1.4389753,2.0617492,52,73,31,52,-0.30338544,0.5433594
63,2015-06-03 18:50:00+00:00,2.225222,1.8294703,1.8336952,52,73,52,73,0.035937503,0.5097656
63,2015-06-03 18:50:00+00:00,2.4352276,1.5363033,1.9029741,52,73,73,94,0.3890625,0.5457031
63,2015-06-03 18:50:00+00:00,2.6127782,1.6869347,1.8831544,52,73,94,115,0.74973965,0.528125
64,2015-06-10 18:55:00+00:00,2.0205038,2.4964352,2.3330736,31,52,94,115,0.73333335,0.025000002
64,2015-06-10 18:55:00+00:00,2.6431077,1.1883589,2.1717803,52,73,31,52,-0.3174479,0.5457032
64,2015-06-10 18:55:00+00:00,2.1061535,1.8673787,1.8139156,52,73,52,73,0.037760418,0.50078124
64,2015-06-10 18:55:00+00:00,2.2412148,1.032546,1.7817628,52,73,73,94,0.3752604,0.55507815
64,2015-06-10 18:55:00+00:00,2.0283852,1.4368241,1.5034107,52,73,94,115,0.75078124,0.5253906
65,2015-07-20 18:05:00+00:00,4.1980786,3.3382447,4.1205626,31,52,31,52,-0.31380206,0.03828125
65,2015-07-20 18:05:00+00:00,3.6727855,3.4585855,3.8110924,31,52,52,73,0.023958333,0.029296877
65,2015-07-20 18:05:00+00:00,2.4323199,1.922603,3.0337303,52,73,31,52,-0.31953126,0.5457032
65,2015-07-20 18:05:00+00:00,2.03756,2.5266478,2.6191635,52,73,52,73,0.040364586,0.51093745
65,2015-07-20 18:05:00+00:00,2.8543496,1.6856152,2.4726543,52,73,73,94,0.38072917,0.5578125
66,2015-07-21 18:50:00+00:00,2.5060475,1.1309692,1.3284795,10,31,94,115,0.7239584,-0.47890627
66,2015-07-21 18:50:00+00:00,4.508736,4.5826855,4.578366,31,52,10,31,-0.65312505,0.12109374
66,2015-07-21 18:50:00+00:00,4.0222263,3.5571938,4.368158,31,52,31,52,-0.31796876,0.034375
66,2015-07-21 18:50:00+00:00,4.1488843,3.651251,4.17447,31,52,52,73,0.025781248,0.029296877
66,2015-07-21 18:50:00+00:00,2.757145,2.1477594,3.176574,52,73,31,52,-0.30937502,0.54296875
66,2015-07-21 18:50:00+00:00,2.605484,2.703756,2.8935244,52,73,52,73,0.04088542,0.5078125
66,2015-07-21 18:50:00+00:00,3.1001499,1.7130417,2.759788,52,73,73,94,0.37057292,0.5457031
66,2015-07-21 18:50:00+00:00,2.7451637,1.7330061,2.2548685,52,73,94,115,0.74583334,0.53164065
67,2015-07-23 18:35:00+00:00,3.1856487,1.1748859,1.5980666,10,31,94,115,0.7260417,-0.48046875
67,2015-07-23 18:35:00+00:00,4.314065,4.445457,4.487124,31,52,10,31,-0.6476562,0.12109374
67,2015-07-23 18:35:00+00:00,4.142146,3.674014,4.499811,31,52,31,52,-0.31614584,0.03984375
67,2015-07-23 18:35:00+00:00,3.896799,3.7626727,4.1933746,31,52,52,73,0.026822917,0.030078124
67,2015-07-23 18:35:00+00:00,4.068577,3.4890625,3.9016306,31,52,73,94,0.37916666,0.014453126
67,2015-07-23 18:35:00+00:00,2.608132,2.9182081,3.2809315,31,52,94,115,0.73333335,0.025000002
67,2015-07-23 18:35:00+00:00,2.1731539,2.0411224,3.0909882,52,73,31,52,-0.31302083,0.53867185
67,2015-07-23 18:35:00+00:00,2.4641366,2.587794,2.757346,52,73,52,73,0.0375,0.50859374
67,2015-07-23 18:35:00+00:00,3.1668591,1.5937097,2.7228045,52,73,73,94,0.37291667,0.5511719
67,2015-07-23 18:35:00+00:00,3.067479,1.6587511,2.2359147,52,73,94,115,0.74375,0.53125
68,2015-07-27 16:26:00+00:00,2.7872684,1.1124345,1.3722379,10,31,94,115,0.72473955,-0.4808594
68,2015-07-27 16:26:00+00:00,4.096529,3.9101012,4.0562315,31,52,10,31,-0.6458333,0.12148438
68,2015-07-27 16:26:00+00:00,3.7611046,3.2488015,4.0075383,31,52,31,52,-0.30859375,0.038671874
68,2015-07-27 16:26:00+00:00,3.8885527,3.6478653,3.9530103,31,52,52,73,0.035677083,0.028125001
68,2015-07-27 16:26:00+00:00,4.214909,3.0004594,3.6419182,31,52,73,94,0.38880208,0.011718753
68,2015-07-27 16:26:00+00:00,2.537871,2.6830268,2.9837575,31,52,94,115,0.73333335,0.025000002
68,2015-07-27 16:26:00+00:00,1.741216,1.550274,2.5986838,52,73,31,52,-0.31588542,0.54648435
68,2015-07-27 16:26:00+00:00,1.9144744,2.2568038,2.481645,52,73,52,73,0.03697917,0.50820315
68,2015-07-27 16:26:00+00:00,2.6628673,1.3079236,2.4822211,52,73,73,94,0.38671875,0.5480469
68,2015-07-27 16:26:00+00:00,2.2770762,1.4312677,1.916626,52,73,94,115,0.7533854,0.5300781
70,2015-07-27 18:15:00+00:00,4.096529,3.9264317,4.0632873,31,52,10,31,-0.6458333,0.12148438
70,2015-07-27 18:15:00+00:00,3.7611046,3.2359664,3.9944608,31,52,31,52,-0.30859375,0.038671874
70,2015-07-27 18:15:00+00:00,3.8885527,3.5682895,3.9954774,31,52,52,73,0.035677083,0.028125001
70,2015-07-27 18:15:00+00:00,4.214909,3.0537784,3.7109377,31,52,73,94,0.38880208,0.011718753
70,2015-07-27 18:15:00+00:00,2.537871,2.7823968,3.0553699,31,52,94,115,0.73333335,0.025000002
70,2015-07-27 18:15:00+00:00,1.741216,1.5444527,2.5811245,52,73,31,52,-0.31588542,0.54648435
70,2015-07-27 18:15:00+00:00,1.9144744,2.2200973,2.530463,52,73,52,73,0.03697917,0.50820315
70,2015-07-27 18:15:00+00:00,2.6628673,1.3655427,2.545019,52,73,73,94,0.38671875,0.5480469
70,2015-07-27 18:15:00+00:00,2.2770762,1.4909782,2.0156949,52,73,94,115,0.7533854,0.5300781
71,2015-07-28 18:55:00+00:00,2.6114082,1.0804878,1.4717165,10,31,94,115,0.72838545,-0.47851562
71,2015-07-28 18:55:00+00:00,4.511113,4.8269105,4.948418,31,52,10,31,-0.64427084,0.1203125
71,2015-07-28 18:55:00+00:00,4.208678,4.0453024,4.897997,31,52,31,52,-0.3104167,0.038671874
71,2015-07-28 18:55:00+00:00,4.3788137,4.104727,4.7359214,31,52,52,73,0.02890625,0.029687501
71,2015-07-28 18:55:00+00:00,4.316334,3.6488085,4.240821,31,52,73,94,0.38177085,0.0101562515
71,2015-07-28 18:55:00+00:00,2.786698,3.038888,3.372418,31,52,94,115,0.73333335,0.025000002
71,2015-07-28 18:55:00+00:00,2.1649277,2.4010534,3.5713692,52,73,31,52,-0.3143229,0.54648435
71,2015-07-28 18:55:00+00:00,2.8174627,3.0622532,3.3554971,52,73,52,73,0.04401042,0.51093745
71,2015-07-28 18:55:00+00:00,3.4874272,1.72661,3.1440406,52,73,73,94,0.39114586,0.5503906
71,2015-07-28 18:55:00+00:00,2.8233664,1.7096918,2.403461,52,73,94,115,0.7369792,0.53164065
72,2015-08-02 19:15:00+00:00,2.8772902,1.3769433,1.9477721,10,31,94,115,0.73255205,-0.47890627
72,2015-08-02 19:15:00+00:00,4.6143656,4.4268155,4.662258,31,52,10,31,-0.6429688,0.11757812
72,2015-08-02 19:15:00+00:00,4.2805343,3.823107,4.484449,31,52,31,52,-0.31145835,0.040625
72,2015-08-02 19:15:00+00:00,4.0315385,3.917675,4.2485733,31,52,52,73,0.021354169,0.030078126
72,2015-08-02 19:15:00+00:00,3.7677512,3.2595918,3.66185,31,52,94,115,0.73333335,0.025000002
72,2015-08-02 19:15:00+00:00,2.489564,2.2464976,3.2152598,52,73,31,52,-0.30937502,0.5425781
72,2015-08-02 19:15:00+00:00,2.3687115,2.8581924,2.9214804,52,73,52,73,0.042447917,0.5089844
72,2015-08-02 19:15:00+00:00,3.52723,1.8908507,3.0010154,52,73,73,94,0.37734374,0.5484375
72,2015-08-02 19:15:00+00:00,3.2544901,1.9315035,2.6348898,52,73,94,115,0.7401042,0.53164065
73,2015-08-13 18:55:00+00:00,3.2835343,1.3710657,1.7018269,10,31,94,115,0.7328125,-0.48242188
73,2015-08-13 18:55:00+00:00,4.478647,4.4117694,4.3875036,31,52,10,31,-0.64374995,0.117968746
73,2015-08-13 18:55:00+00:00,4.3172593,3.3824651,4.1897416,31,52,31,52,-0.31041667,0.03828125
73,2015-08-13 18:55:00+00:00,3.6453767,3.993216,3.8161662,31,52,52,73,0.0375,0.027734376
73,2015-08-13 18:55:00+00:00,3.4990957,3.4335096,3.5390556,31,52,73,94,0.38541666,0.011328126
73,2015-08-13 18:55:00+00:00,3.2498646,3.049099,3.1188626,31,52,94,115,0.73333335,0.025000002
73,2015-08-13 18:55:00+00:00,2.465429,1.8762408,2.9669003,52,73,31,52,-0.3046875,0.546875
73,2015-08-13 18:55:00+00:00,2.3604865,2.4602141,2.4930983,52,73,52,73,0.030989585,0.51523435
73,2015-08-13 18:55:00+00:00,2.7903588,1.7067935,2.4944243,52,73,73,94,0.38177085,0.55
73,2015-08-13 18:55:00+00:00,2.7747777,1.8514616,2.17103,52,73,94,115,0.74609375,0.5324218
74,2015-08-22 18:50:00+00:00,4.16411,4.990465,4.9174256,31,52,10,31,-0.6526042,0.12109374
74,2015-08-22 18:50:00+00:00,4.1735606,4.1183853,4.602358,31,52,31,52,-0.3098958,0.049609374
74,2015-08-22 18:50:00+00:00,4.330005,4.1342134,4.3315053,31,52,52,73,0.03697917,0.029296877
74,2015-08-22 18:50:00+00:00,4.2634144,3.7606378,4.165008,31,52,73,94,0.3880208,0.010546876
74,2015-08-22 18:50:00+00:00,4.0183864,3.5198934,3.8288531,31,52,94,115,0.73333335,0.025000002
74,2015-08-22 18:50:00+00:00,3.246752,2.489987,3.5977414,52,73,31,52,-0.31822917,0.55
74,2015-08-22 18:50:00+00:00,2.9252934,2.904914,3.220806,52,73,52,73,0.03125,0.5121094
74,2015-08-22 18:50:00+00:00,3.3357303,2.4390004,3.2657301,52,73,73,94,0.38125,0.5511719
74,2015-08-22 18:50:00+00:00,3.1429255,2.3924196,3.0713303,52,73,94,115,0.7447916,0.53085935
75,2015-09-06 18:05:00+00:00,1.4550942,0.7885692,0.6935485,10,31,94,115,0.72343755,-0.47773436
75,2015-09-06 18:05:00+00:00,3.2626927,2.6432698,2.780984,31,52,10,31,-0.65,0.11796875
75,2015-09-06 18:05:00+00:00,2.7908611,1.8700113,2.4293113,31,52,31,52,-0.3127604,0.0390625
75,2015-09-06 18:05:00+00:00,2.6669073,2.191962,2.5046039,31,52,52,73,0.0453125,0.027343754
75,2015-09-06 18:05:00+00:00,2.066136,1.8762157,2.3152413,31,52,73,94,0.38125002,0.013281251
75,2015-09-06 18:05:00+00:00,1.7180549,1.796314,1.7421926,31,52,94,115,0.73333335,0.025000002
75,2015-09-06 18:05:00+00:00,1.3424226,1.1850762,1.9834594,52,73,31,52,-0.32343748,0.54648435
75,2015-09-06 18:05:00+00:00,2.4953802,1.5966455,2.0144296,52,73,52,73,0.034635417,0.5078125
75,2015-09-06 18:05:00+00:00,2.97167,1.3840522,1.9640863,52,73,73,94,0.39140624,0.54648435
75,2015-09-06 18:05:00+00:00,2.5147994,1.3842255,1.7434502,52,73,94,115,0.7455729,0.53125
76,2015-09-14 18:55:00+00:00,3.5724392,1.6424336,2.2131674,10,31,94,115,0.7289063,-0.47929686
76,2015-09-14 18:55:00+00:00,4.578687,5.033476,4.9040933,31,52,10,31,-0.6377604,0.12148438
76,2015-09-14 18:55:00+00:00,4.4315076,4.0412416,4.7742248,31,52,31,52,-0.31640625,0.03984375
76,2015-09-14 18:55:00+00:00,4.353751,4.141487,4.6212144,31,52,52,73,0.023958337,0.029687501
76,2015-09-14 18:55:00+00:00,4.2436976,3.831265,4.315787,31,52,73,94,0.39166665,0.007812502
76,2015-09-14 18:55:00+00:00,3.642957,3.6626716,3.831742,31,52,94,115,0.73333335,0.025000002
76,2015-09-14 18:55:00+00:00,2.579602,2.6162884,3.622429,52,73,31,52,-0.3046875,0.546875
76,2015-09-14 18:55:00+00:00,3.2042017,3.1337605,3.3553214,52,73,52,73,0.0375,0.51054686
76,2015-09-14 18:55:00+00:00,4.108264,2.305045,3.323345,52,73,73,94,0.37786457,0.55156255
76,2015-09-14 18:55:00+00:00,3.6697915,2.3654358,2.9702086,52,73,94,115,0.7473959,0.5324218
77,2015-09-17 17:50:00+00:00,1.5999902,0.8345732,0.7258513,10,31,94,115,0.7330729,-0.47578126
77,2015-09-17 17:50:00+00:00,1.972682,1.4745178,1.9646451,31,52,10,31,-0.64661455,0.10820313
77,2015-09-17 17:50:00+00:00,1.7989877,1.2973748,1.5731285,31,52,31,52,-0.30546874,0.042578124
77,2015-09-17 17:50:00+00:00,1.8491442,1.5137502,1.6514362,31,52,52,73,0.036197916,0.027734376
77,2015-09-17 17:50:00+00:00,2.221352,1.6140463,1.635781,31,52,73,94,0.38854164,0.017578129
77,2015-09-17 17:50:00+00:00,2.0470977,1.6961106,1.4251281,31,52,94,115,0.73333335,0.025000002
77,2015-09-17 17:50:00+00:00,1.1946878,0.7567362,1.2899845,52,73,31,52,-0.31875002,0.5425781
77,2015-09-17 17:50:00+00:00,1.392288,1.1462955,1.2912859,52,73,52,73,0.041666664,0.51054686
77,2015-09-17 17:50:00+00:00,2.244523,1.1136273,1.3721198,52,73,73,94,0.37057292,0.5457032
77,2015-09-17 17:50:00+00:00,2.203283,1.3053886,1.3967711,52,73,94,115,0.7531251,0.53125
78,2015-09-17 19:25:00+00:00,2.8394816,1.2233591,1.5129143,10,31,94,115,0.7234375,-0.478125
78,2015-09-17 19:25:00+00:00,3.3394392,2.5713303,3.0991106,31,52,31,52,-0.30885416,0.041796874
78,2015-09-17 19:25:00+00:00,2.9706059,2.809127,2.9823682,31,52,52,73,0.03697917,0.033203125
78,2015-09-17 19:25:00+00:00,3.0912402,2.6142523,2.802007,31,52,94,115,0.73333335,0.025000002
78,2015-09-17 19:25:00+00:00,1.9417894,1.4932523,2.2672417,52,73,31,52,-0.328125,0.5367187
78,2015-09-17 19:25:00+00:00,1.8634999,1.9660454,2.162747,52,73,52,73,0.03515625,0.50859374
78,2015-09-17 19:25:00+00:00,2.9506996,1.837043,2.2500553,52,73,73,94,0.3825521,0.52851564
78,2015-09-17 19:25:00+00:00,3.0718675,1.8801967,2.322604,52,73,94,115,0.75104165,0.5277344
79,2015-09-21 19:00:00+00:00,3.4590735,1.6293068,2.3222568,10,31,94,115,0.72291666,-0.47929686
79,2015-09-21 19:00:00+00:00,4.612459,5.041529,4.9796314,31,52,10,31,-0.64739585,0.12070312
79,2015-09-21 19:00:00+00:00,4.4221163,3.8866584,4.5601115,31,52,31,52,-0.31328124,0.037890628
79,2015-09-21 19:00:00+00:00,4.3719807,3.9481802,4.329122,31,52,52,73,0.024739582,0.03046875
79,2015-09-21 19:00:00+00:00,4.26206,3.9336784,4.221906,31,52,73,94,0.38333333,0.009765627
79,2015-09-21 19:00:00+00:00,3.8781364,3.6266904,3.91462,31,52,94,115,0.73333335,0.025000002
79,2015-09-21 19:00:00+00:00,2.7066767,2.775487,3.7219515,52,73,31,52,-0.31041667,0.5433594
79,2015-09-21 19:00:00+00:00,2.790984,3.0687158,3.3838048,52,73,52,73,0.03359375,0.51171875
79,2015-09-21 19:00:00+00:00,3.803426,2.7364209,3.4989698,52,73,73,94,0.37630206,0.5503906
79,2015-09-21 19:00:00+00:00,4.2812676,2.6839364,3.3687928,52,73,94,115,0.7427083,0.53125
80,2015-09-22 18:05:00+00:00,2.6234004,1.0706515,1.305641,10,31,94,115,0.72864586,-0.47851562
80,2015-09-22 18:05:00+00:00,4.4336257,3.8583372,3.9008296,31,52,10,31,-0.64661455,0.12109375
80,2015-09-22 18:05:00+00:00,3.817205,2.8421338,3.388334,31,52,31,52,-0.30703127,0.039453126
80,2015-09-22 18:05:00+00:00,2.7477715,2.8105447,2.7519772,31,52,94,115,0.7341146,0.008984378
80,2015-09-22 18:05:00+00:00,2.09892,2.0161994,2.7958474,52,73,31,52,-0.31093752,0.5441407
80,2015-09-22 18:05:00+00:00,2.0636785,2.2950501,2.6288958,52,73,52,73,0.041666668,0.51054686
80,2015-09-22 18:05:00+00:00,2.6340368,1.9958518,2.7146935,52,73,73,94,0.3796875,0.54960936
80,2015-09-22 18:05:00+00:00,3.4344776,2.1025724,2.4641967,52,73,94,115,0.7598958,0.54648435
81,2015-09-23 18:50:00+00:00,3.2992392,1.3032868,1.9040692,10,31,94,115,0.7364584,-0.47851562
81,2015-09-23 18:50:00+00:00,4.5514345,4.1666875,4.2546954,31,52,10,31,-0.6479167,0.12148438
81,2015-09-23 18:50:00+00:00,4.0991297,3.295874,3.724274,31,52,31,52,-0.32239583,0.044921875
81,2015-09-23 18:50:00+00:00,3.936968,3.4715743,3.6245222,31,52,52,73,0.034375,0.03125
81,2015-09-23 18:50:00+00:00,3.4505005,3.15072,3.4884098,31,52,94,115,0.73333335,0.025000002
81,2015-09-23 18:50:00+00:00,2.7048233,2.5725625,3.266228,52,73,31,52,-0.3046875,0.546875
81,2015-09-23 18:50:00+00:00,2.6281493,2.6681273,2.990826,52,73,52,73,0.037239585,0.51250005
81,2015-09-23 18:50:00+00:00,3.2978616,2.6457243,3.2144146,52,73,73,94,0.38125,0.5511719
81,2015-09-23 18:50:00+00:00,4.165258,2.5473118,3.2542193,52,73,94,115,0.74296874,0.53125
82,2015-09-24 17:55:00+00:00,2.7402055,1.1495059,1.4093926,10,31,94,115,0.7242187,-0.47578126
82,2015-09-24 17:55:00+00:00,4.389558,3.7499294,3.8031933,31,52,10,31,-0.6507813,0.118750006
82,2015-09-24 17:55:00+00:00,3.7192934,2.651295,3.338085,31,52,31,52,-0.32734376,0.032421876
82,2015-09-24 17:55:00+00:00,3.5577257,2.919996,3.2092173,31,52,52,73,0.024739584,0.029687501
82,2015-09-24 17:55:00+00:00,3.6545963,2.8380468,3.107434,31,52,73,94,0.38828126,0.0074218772
82,2015-09-24 17:55:00+00:00,2.8267467,2.729793,2.8150988,31,52,94,115,0.73333335,0.025000002
82,2015-09-24 17:55:00+00:00,2.212977,2.1917443,2.4662936,52,73,52,73,0.034895834,0.51054686
82,2015-09-24 17:55:00+00:00,2.7471976,1.9815257,2.5374644,52,73,73,94,0.3825521,0.53593755
82,2015-09-24 17:55:00+00:00,3.5892298,1.9970735,2.4688866,52,73,94,115,0.75182295,0.53085935
83,2016-04-16 19:00:00+00:00,3.8744578,1.0302316,1.5817586,10,31,94,115,0.7273438,-0.46132812
83,2016-04-16 19:00:00+00:00,3.0246193,4.4105787,4.647413,31,52,52,73,0.031770837,0.034765627
83,2016-04-16 19:00:00+00:00,2.5134342,3.4165704,3.06787,31,52,94,115,0.73333335,0.025000002
83,2016-04-16 19:00:00+00:00,4.1985607,2.6721275,3.2102668,52,73,10,31,-0.633073,0.4800781
83,2016-04-16 19:00:00+00:00,3.6358345,1.9118692,3.1921482,52,73,31,52,-0.31041667,0.5328125
83,2016-04-16 19:00:00+00:00,3.5301661,2.7077296,2.6704538,52,73,52,73,0.03125,0.51250005
83,2016-04-16 19:00:00+00:00,2.271669,1.0451168,2.320781,52,73,73,94,0.38645834,0.54648435
83,2016-04-16 19:00:00+00:00,2.2024982,1.3921372,1.5350648,52,73,94,115,0.7481771,0.5328125
84,2016-04-23 19:10:00+00:00,3.5132146,3.710047,4.2097816,31,52,52,73,0.025781251,0.034765627
84,2016-04-23 19:10:00+00:00,1.5760797,2.855883,2.4021587,31,52,94,115,0.73333335,0.025000002
84,2016-04-23 19:10:00+00:00,3.023867,2.5871449,2.9408195,52,73,10,31,-0.6351563,0.46914062
84,2016-04-23 19:10:00+00:00,3.904238,1.3389436,2.9170046,52,73,31,52,-0.3203125,0.54648435
84,2016-04-23 19:10:00+00:00,2.7770827,2.59743,2.278057,52,73,52,73,0.04479167,0.51171875
84,2016-04-23 19:10:00+00:00,2.6266887,1.0012703,2.0475788,52,73,73,94,0.3747396,0.5460937
84,2016-04-23 19:10:00+00:00,1.567042,1.0764573,1.1942137,52,73,94,115,0.7526041,0.53164065
85,2016-05-06 18:00:00+00:00,2.8525813,0.9421184,0.9661509,10,31,94,115,0.7291667,-0.4703125
85,2016-05-06 18:00:00+00:00,3.2867718,3.1096563,3.0833304,31,52,52,73,0.03723958,0.028125001
85,2016-05-06 18:00:00+00:00,2.312967,2.4586585,2.7130463,31,52,73,94,0.38723958,0.019140627
85,2016-05-06 18:00:00+00:00,2.1447031,2.4140992,2.1476119,31,52,94,115,0.73333335,0.025000002
85,2016-05-06 18:00:00+00:00,2.4455342,1.156697,1.9077606,52,73,73,94,0.3828125,0.553125
85,2016-05-06 18:00:00+00:00,2.1704054,1.4052906,1.570513,52,73,94,115,0.75104165,0.53437495
86,2016-05-18 19:00:00+00:00,2.192451,0.8550408,1.1631743,10,31,94,115,0.7388021,-0.465625
86,2016-05-18 19:00:00+00:00,3.367509,3.180997,4.25884,31,52,31,52,-0.31458336,0.042578124
86,2016-05-18 19:00:00+00:00,3.9744408,3.3684494,3.9997268,31,52,52,73,0.024218751,0.030859377
86,2016-05-18 19:00:00+00:00,2.213594,2.8605678,2.5715225,31,52,94,115,0.73333335,0.025000002
86,2016-05-18 19:00:00+00:00,2.0276625,2.0600863,2.71241,52,73,10,31,-0.6359375,0.4703125
86,2016-05-18 19:00:00+00:00,2.3165338,1.3127993,2.5428548,52,73,31,52,-0.31848958,0.5410156
86,2016-05-18 19:00:00+00:00,2.662591,2.3652394,2.41031,52,73,52,73,0.040364582,0.5097656
86,2016-05-18 19:00:00+00:00,2.8683107,0.9683282,2.1627197,52,73,73,94,0.3799479,0.55390626
86,2016-05-18 19:00:00+00:00,1.8502791,1.2764379,1.5217962,52,73,94,115,0.74817705,0.53085935
87,2016-05-23 17:40:00+00:00,2.98833,3.0820498,3.1321309,31,52,10,31,-0.6419271,0.11914062
87,2016-05-23 17:40:00+00:00,2.2220755,2.2024155,2.934509,31,52,31,52,-0.2994792,0.050390624
87,2016-05-23 17:40:00+00:00,1.8565824,2.165789,1.8088181,31,52,94,115,0.73333335,0.025000002
87,2016-05-23 17:40:00+00:00,2.152395,1.0574528,1.7156603,52,73,31,52,-0.3234375,0.53437495
87,2016-05-23 17:40:00+00:00,2.1735756,1.5338423,1.6175605,52,73,52,73,0.038802084,0.5242188
87,2016-05-23 17:40:00+00:00,1.7019541,1.1544585,1.208132,52,73,94,115,0.7497396,0.53085935
88,2016-06-12 18:55:00+00:00,2.4607217,1.0068402,0.95357007,10,31,94,115,0.7278646,-0.47734374
88,2016-06-12 18:55:00+00:00,3.3809428,3.1483924,3.053448,31,52,10,31,-0.6424479,0.12148438
88,2016-06-12 18:55:00+00:00,2.7266586,2.137468,2.8331473,31,52,31,52,-0.3122396,0.039453126
88,2016-06-12 18:55:00+00:00,2.4552398,2.775087,2.6646361,31,52,52,73,0.0421875,0.027343754
88,2016-06-12 18:55:00+00:00,2.40549,2.3611338,2.4609125,31,52,73,94,0.3875,0.0101562515
88,2016-06-12 18:55:00+00:00,1.9581971,2.1859665,1.9760095,31,52,94,115,0.73333335,0.025000002
88,2016-06-12 18:55:00+00:00,2.230887,0.9796268,1.8544512,52,73,31,52,-0.32343748,0.54648435
88,2016-06-12 18:55:00+00:00,2.108524,1.6684222,1.6839494,52,73,52,73,0.039583337,0.51093745
88,2016-06-12 18:55:00+00:00,2.2390053,1.0670345,1.682707,52,73,73,94,0.3765625,0.55039066
88,2016-06-12 18:55:00+00:00,2.049199,1.3247072,1.4292079,52,73,94,115,0.74869794,0.5300781
89,2016-06-17 19:15:00+00:00,2.3994193,0.92523074,0.8045409,10,31,94,115,0.73072916,-0.47578126
89,2016-06-17 19:15:00+00:00,2.915947,2.1920607,3.0409453,31,52,31,52,-0.31328124,0.039453126
89,2016-06-17 19:15:00+00:00,2.4052641,2.8923302,2.8237727,31,52,52,73,0.039583333,0.028515626
89,2016-06-17 19:15:00+00:00,2.0853293,2.6534903,2.4813232,31,52,73,94,0.38151044,0.0074218786
89,2016-06-17 19:15:00+00:00,1.7773744,2.2201493,1.7947198,31,52,94,115,0.73333335,0.025000002
89,2016-06-17 19:15:00+00:00,1.9614152,0.9555268,1.8438556,52,73,31,52,-0.315625,0.5421875
89,2016-06-17 19:15:00+00:00,1.9033484,1.6789918,1.6286713,52,73,52,73,0.039843753,0.5089844
89,2016-06-17 19:15:00+00:00,1.9090669,0.8556012,1.5088061,52,73,73,94,0.38619792,0.54609376
89,2016-06-17 19:15:00+00:00,1.8106335,1.168023,1.1794989,52,73,94,115,0.7445312,0.53085935
90,2016-06-19 19:00:00+00:00,1.7192596,0.8298957,0.64355147,10,31,94,115,0.72552085,-0.47460938
90,2016-06-19 19:00:00+00:00,1.8192692,1.6968129,1.9066448,31,52,52,73,0.024218751,0.032812502
90,2016-06-19 19:00:00+00:00,1.4666308,1.6638271,1.2904804,31,52,94,115,0.73333335,0.025000002
90,2016-06-19 19:00:00+00:00,1.7629117,0.60188043,1.2512004,52,73,31,52,-0.3200521,0.5457032
90,2016-06-19 19:00:00+00:00,1.703424,1.2008505,1.1925036,52,73,52,73,0.040364582,0.5113281
90,2016-06-19 19:00:00+00:00,1.6708406,0.73973185,1.2139293,52,73,73,94,0.37291667,0.5511719
90,2016-06-19 19:00:00+00:00,1.4808464,1.0289563,1.0154961,52,73,94,115,0.7380209,0.5324218
91,2016-06-21 18:50:00+00:00,2.2501094,0.96676844,0.89328086,10,31,94,115,0.7322917,-0.47929686
91,2016-06-21 18:50:00+00:00,2.2443635,1.7891068,2.3066974,31,52,31,52,-0.31197917,0.03828125
91,2016-06-21 18:50:00+00:00,2.2078855,2.172968,2.230295,31,52,52,73,0.027604168,0.029296877
91,2016-06-21 18:50:00+00:00,2.2555337,2.163643,2.0634189,31,52,73,94,0.38411456,0.012109376
91,2016-06-21 18:50:00+00:00,1.8941122,1.9905509,1.770404,31,52,94,115,0.73333335,0.025000002
91,2016-06-21 18:50:00+00:00,1.79157,1.2706598,1.5966214,52,73,31,52,-0.3010417,0.5367187
91,2016-06-21 18:50:00+00:00,1.8627429,1.4728918,1.48318,52,73,52,73,0.039583337,0.51093745
91,2016-06-21 18:50:00+00:00,1.999525,1.0448097,1.5205953,52,73,73,94,0.37890625,0.55078125
91,2016-06-21 18:50:00+00:00,1.9237964,1.30139,1.3931426,52,73,94,115,0.7416667,0.53125
92,2016-06-24 17:40:00+00:00,1.8983047,0.96132946,0.8300841,10,31,94,115,0.72812504,-0.48007816
92,2016-06-24 17:40:00+00:00,2.1094806,1.7872052,2.3072705,31,52,31,52,-0.303125,0.033203125
92,2016-06-24 17:40:00+00:00,1.9550091,2.1030157,2.2130485,31,52,52,73,0.027604166,0.02734375
92,2016-06-24 17:40:00+00:00,1.6127831,1.8435744,1.5817987,31,52,94,115,0.73333335,0.025000002
92,2016-06-24 17:40:00+00:00,1.7156533,0.91375226,1.4078048,52,73,31,52,-0.31588542,0.5378906
92,2016-06-24 17:40:00+00:00,1.7745519,1.1090527,1.3176098,52,73,73,94,0.37916666,0.53632814
92,2016-06-24 17:40:00+00:00,1.6612669,1.1277579,1.1705176,52,73,94,115,0.7427083,0.53164065
93,2016-06-30 18:45:00+00:00,1.9133624,0.9205956,0.779629,10,31,94,115,0.72864586,-0.4765625
93,2016-06-30 18:45:00+00:00,2.6421432,2.3023674,2.4012027,31,52,10,31,-0.63932294,0.11992188
93,2016-06-30 18:45:00+00:00,2.0017505,1.5052028,2.0995295,31,52,31,52,-0.31614584,0.03984375
93,2016-06-30 18:45:00+00:00,2.0387554,1.9327972,2.0050251,31,52,52,73,0.034375004,0.029296877
93,2016-06-30 18:45:00+00:00,1.9018421,1.886493,1.8746604,31,52,73,94,0.3890625,0.009765627
93,2016-06-30 18:45:00+00:00,1.6801939,1.8623186,1.5835506,31,52,94,115,0.73333335,0.025000002
93,2016-06-30 18:45:00+00:00,1.9461358,1.0833745,1.5195094,52,73,31,52,-0.2971354,0.546875
93,2016-06-30 18:45:00+00:00,1.8269929,1.3305488,1.3438733,52,73,52,73,0.034375004,0.5113281
93,2016-06-30 18:45:00+00:00,1.8278301,0.94823426,1.3881044,52,73,73,94,0.37942708,0.55078125
93,2016-06-30 18:45:00+00:00,1.8975459,1.2164551,1.293669,52,73,94,115,0.7445313,0.53164065
94,2016-07-05 19:00:00+00:00,1.4723518,1.198013,1.3531005,31,52,52,73,0.026041666,0.038671874
94,2016-07-05 19:00:00+00:00,1.4451339,1.3740624,1.2684264,31,52,73,94,0.38567707,0.008593751
94,2016-07-05 19:00:00+00:00,1.3507464,1.3796815,1.0243776,31,52,94,115,0.73333335,0.025000002
94,2016-07-05 19:00:00+00:00,1.5401596,1.0239142,1.0531303,52,73,52,73,0.03515625,0.5121094
94,2016-07-05 19:00:00+00:00,1.5858675,0.8548705,1.0963137,52,73,73,94,0.38020834,0.55078125
94,2016-07-05 19:00:00+00:00,1.6840217,1.0810813,1.0411757,52,73,94,115,0.7356771,0.53164065
95,2016-07-12 19:05:00+00:00,1.6528652,1.3776982,1.500717,31,52,52,73,0.028906252,0.039453126
95,2016-07-12 19:05:00+00:00,1.5064362,1.3544371,1.4079599,31,52,94,115,0.74296874,0.037109375
95,2016-07-12 19:05:00+00:00,1.7327747,0.623253,1.1722605,52,73,31,52,-0.31432292,0.55195314
95,2016-07-12 19:05:00+00:00,1.6133609,1.0421852,1.1175416,52,73,52,73,0.040364582,0.5097656
95,2016-07-12 19:05:00+00:00,1.6473947,0.96911734,1.2178324,52,73,73,94,0.37890625,0.54609376
95,2016-07-12 19:05:00+00:00,1.694121,1.1107605,1.1834167,52,73,94,115,0.74531245,0.53164065
96,2016-08-01 18:45:00+00:00,2.055641,0.8325659,0.6704988,10,31,94,115,0.7289063,-0.47851562
96,2016-08-01 18:45:00+00:00,3.6015155,3.223698,3.1407473,31,52,10,31,-0.65260416,0.1203125
96,2016-08-01 18:45:00+00:00,2.855104,2.0354247,2.8519526,31,52,31,52,-0.30859375,0.03984375
96,2016-08-01 18:45:00+00:00,2.4011223,2.5309534,2.6164644,31,52,52,73,0.0390625,0.03359375
96,2016-08-01 18:45:00+00:00,2.1487534,2.1938574,2.288138,31,52,73,94,0.38385418,0.011718751
96,2016-08-01 18:45:00+00:00,1.7865511,1.9705219,1.5890006,31,52,94,115,0.73333335,0.025000002
96,2016-08-01 18:45:00+00:00,1.865053,1.0542176,1.9015704,52,73,31,52,-0.3067708,0.54648435
96,2016-08-01 18:45:00+00:00,1.9625851,1.6073238,1.627501,52,73,52,73,0.039583337,0.51093745
96,2016-08-01 18:45:00+00:00,1.8362117,0.90259475,1.5061073,52,73,73,94,0.39166665,0.54648435
96,2016-08-01 18:45:00+00:00,1.78938,1.1785702,1.180402,52,73,94,115,0.7367188,0.5320312
97,2016-08-07 18:05:00+00:00,1.912885,0.96447223,0.7920827,10,31,94,115,0.7286458,-0.48164064
97,2016-08-07 18:05:00+00:00,2.528527,2.0428982,2.8139417,31,52,31,52,-0.30364585,0.03828125
97,2016-08-07 18:05:00+00:00,2.2055912,2.3700564,2.60375,31,52,52,73,0.026302084,0.03242188
97,2016-08-07 18:05:00+00:00,1.8071828,1.3622116,1.7169677,52,73,31,52,-0.31901044,0.51875
97,2016-08-07 18:05:00+00:00,1.8215864,1.2267448,1.2659634,52,73,94,115,0.7497395,0.53164065
98,2016-08-10 18:35:00+00:00,1.382565,0.7074606,0.49384484,10,31,94,115,0.7299479,-0.47460938
98,2016-08-10 18:35:00+00:00,2.2501085,1.6015406,2.1955686,31,52,31,52,-0.32161456,0.050390624
98,2016-08-10 18:35:00+00:00,1.9161901,1.5539569,1.7576644,31,52,73,94,0.39140624,0.011718752
98,2016-08-10 18:35:00+00:00,1.6223845,1.6447983,1.2790788,31,52,94,115,0.73333335,0.025000002
98,2016-08-10 18:35:00+00:00,2.0173383,0.8701861,1.587438,52,73,31,52,-0.30546877,0.5511719
98,2016-08-10 18:35:00+00:00,2.053606,1.3048829,1.332965,52,73,52,73,0.044010416,0.5109375
98,2016-08-10 18:35:00+00:00,2.0584877,0.84673536,1.3432267,52,73,73,94,0.37994793,0.55078125
98,2016-08-10 18:35:00+00:00,1.829171,1.1304646,1.0935158,52,73,94,115,0.7328125,0.5324218
99,2016-08-19 18:30:00+00:00,1.9951265,1.945304,1.7546139,31,52,94,115,0.73333335,0.025000002
99,2016-08-19 18:30:00+00:00,2.4773428,1.3556433,2.1105008,52,73,31,52,-0.31588542,0.5339844
99,2016-08-19 18:30:00+00:00,2.3940485,1.6787807,1.9484158,52,73,52,73,0.0421875,0.509375
99,2016-08-19 18:30:00+00:00,2.5654032,1.3483176,1.9871713,52,73,73,94,0.36197916,0.5683594
99,2016-08-19 18:30:00+00:00,2.3660467,1.4697934,1.7314789,52,73,94,115,0.75468755,0.53164065
100,2016-09-27 18:35:00+00:00,3.819397,1.6879462,2.335977,10,31,94,115,0.7265625,-0.4808594
100,2016-09-27 18:35:00+00:00,4.5665884,5.3011484,5.306951,31,52,10,31,-0.64531255,0.1171875
100,2016-09-27 18:35:00+00:00,4.581331,4.145411,4.9282985,31,52,31,52,-0.3078125,0.0375
100,2016-09-27 18:35:00+00:00,4.39241,4.189558,4.690607,31,52,52,73,0.023437498,0.029687501
100,2016-09-27 18:35:00+00:00,4.081766,4.2069445,4.4724326,31,52,73,94,0.38203126,0.010546877
100,2016-09-27 18:35:00+00:00,4.0221276,3.8163047,3.98702,31,52,94,115,0.73333335,0.025000002
100,2016-09-27 18:35:00+00:00,4.5749326,2.891925,3.9281507,52,73,31,52,-0.31953126,0.5457032
100,2016-09-27 18:35:00+00:00,4.539321,3.3302145,3.5741322,52,73,52,73,0.03515625,0.509375
100,2016-09-27 18:35:00+00:00,4.485985,2.7131891,3.6133773,52,73,73,94,0.3697917,0.5492187
100,2016-09-27 18:35:00+00:00,4.084707,2.7072356,3.3460424,52,73,94,115,0.7421875,0.53164065
101,2016-10-17 18:10:00+00:00,2.6337163,1.1145735,1.2258286,10,31,94,115,0.72760415,-0.46835935
101,2016-10-17 18:10:00+00:00,2.4775252,2.3173308,3.028178,31,52,31,52,-0.30729166,0.041796874
101,2016-10-17 18:10:00+00:00,2.3226993,2.7177804,2.8305378,31,52,52,73,0.027083332,0.03125
101,2016-10-17 18:10:00+00:00,2.4451215,2.5003042,2.3574765,31,52,94,115,0.73333335,0.025000002
101,2016-10-17 18:10:00+00:00,3.0016446,1.9771894,2.2735384,52,73,10,31,-0.6411458,0.46757814
101,2016-10-17 18:10:00+00:00,1.8938601,1.4420146,2.1352963,52,73,31,52,-0.2971354,0.546875
101,2016-10-17 18:10:00+00:00,1.8413676,1.8261443,1.8599768,52,73,52,73,0.040625002,0.52031255
101,2016-10-17 18:10:00+00:00,2.2223554,1.2844905,1.8837466,52,73,73,94,0.38125002,0.55507815
101,2016-10-17 18:10:00+00:00,2.5436218,1.5947654,1.783358,52,73,94,115,0.7497396,0.5324218
