support,rmse,mae,crps,coverage90,width90,rep,method
point,0.167847858570883,0.134366109441978,0.103261574849217,0.6225,0.3069731797640902,0,SA-BNO
small,0.1347272537462078,0.1074778402268241,0.083816640002475,0.6925,0.2822975590119507,0,SA-BNO
medium,0.0524734412005251,0.041884923732217,0.04284972893475,0.8675,0.2293575438044018,0,SA-BNO
large,0.0297325132986126,0.0231230805671291,0.0329954359821457,0.95,0.2175482372027281,0,SA-BNO
circle,0.0407673658430391,0.0318396177512778,0.0343428893399362,0.93,0.221929602471609,0,SA-BNO
union,0.0592151259547284,0.0462594808721787,0.0453210129985003,0.8725,0.2296166679678589,0,SA-BNO
point,0.265001570693737,0.2149213493237094,0.1667233172097891,0.565,0.4064647447798384,0,Centroid
small,0.2115874382483165,0.1684137477697876,0.1293504510304456,0.645,0.4077203166794623,0,Centroid
medium,0.1320040632973945,0.1034439352596516,0.0788760919580855,0.86,0.4074030845841415,0,Centroid
large,0.1776659213179834,0.1382739049199284,0.1059664062137109,0.7475,0.406977013897655,0,Centroid
circle,0.1698273430252614,0.1356982293600312,0.1027001669376328,0.7575,0.4075124648513689,0,Centroid
union,0.2351788405875957,0.1848102538483974,0.1463257656429474,0.645,0.4072068841836246,0,Centroid
point,0.265001570693737,0.2149213493237094,0.1667233172097891,0.565,0.4064647447798384,0,PostAgg
small,0.2174199824473766,0.1721226390989518,0.1330700075997677,0.65,0.3978264896240603,0,PostAgg
medium,0.077791609175734,0.0618569421444355,0.0529852536282517,0.965,0.379878284390335,0,PostAgg
large,0.0406263888146868,0.0323162105409365,0.0407527292224013,0.995,0.3755224839643696,0,PostAgg
circle,0.0614589162451079,0.0472684118459003,0.0456387688054818,0.9775,0.377179554433116,0,PostAgg
union,0.099921096576441,0.0799023165883895,0.064287341946175,0.92,0.3791068344904324,0,PostAgg
point,0.1609756981635734,0.1291212475864656,0.0998670527049206,0.6575,0.3075027517555432,1,SA-BNO
small,0.1341176348869882,0.1052633801334861,0.0857746919935571,0.67,0.2786719171447165,1,SA-BNO
medium,0.0564254128212042,0.0438354404902192,0.0410320113774751,0.8675,0.2278109350554632,1,SA-BNO
large,0.0289089820511132,0.0230426602127724,0.0335067491301371,0.9325,0.2161903203907437,1,SA-BNO
circle,0.0389184467490081,0.0301105188014532,0.0355358672184309,0.9225,0.2203330286403723,1,SA-BNO
union,0.0614944080272622,0.0481877994195722,0.0443058696600362,0.865,0.2282249270398054,1,SA-BNO
point,0.2753332497623011,0.2180111671220706,0.1720500934279901,0.56,0.4115678204829822,1,Centroid
small,0.2175200414144088,0.1728749735417629,0.1321757570228617,0.655,0.4104094544972727,1,Centroid
medium,0.1377099656646456,0.1058191769440948,0.0811208348568257,0.845,0.4107269238516106,1,Centroid
large,0.1549271122067509,0.1217952776206128,0.0914734556151207,0.785,0.4104507522111036,1,Centroid
circle,0.1540628544052015,0.1202458483652927,0.0906415703973041,0.81,0.4107893745058548,1,Centroid
union,0.2174270058305204,0.1730679141055256,0.1331434357601157,0.65,0.4109581416486971,1,Centroid
point,0.2753332497623011,0.2180111671220706,0.1720500934279901,0.56,0.4115678204829822,1,PostAgg
small,0.221268520305496,0.1742537168711443,0.1344830319694377,0.67,0.4013223919861454,1,PostAgg
medium,0.0852646526880086,0.0677630765542607,0.055381392113487,0.9525,0.3850241344873336,1,PostAgg
large,0.0376176323624879,0.0304239908402716,0.0400332169394317,1.0,0.38097928663601,1,PostAgg
circle,0.0565415332153057,0.0440965057073773,0.0447290402717725,0.9825,0.3824965625845237,1,PostAgg
union,0.1040307343504656,0.0857963188554519,0.0638851414374688,0.915,0.3843729736835706,1,PostAgg
point,0.1547015000525383,0.1209961063288339,0.0978445402395346,0.6725,0.3028768277106363,2,SA-BNO
small,0.1346536658688042,0.1067635063772042,0.085041383882366,0.665,0.2770042600952939,2,SA-BNO
medium,0.054325848476828,0.0425523599171041,0.0383855236446983,0.91,0.2282094771394841,2,SA-BNO
large,0.0275617877286987,0.0223705432559105,0.0337850402439317,0.9375,0.2171355231204522,2,SA-BNO
circle,0.0381234182568776,0.0293958300221855,0.035971203147974,0.9225,0.2211282663915853,2,SA-BNO
union,0.0616909709503073,0.0494681105426057,0.0450875965603406,0.8525,0.2286700727507633,2,SA-BNO
point,0.2680194688676114,0.2136360069191127,0.1696408773512146,0.54,0.4054577683684116,2,Centroid
small,0.2232733348772216,0.1794557505100039,0.136455040917638,0.625,0.405226237208047,2,Centroid
medium,0.134948475980361,0.1054358764923309,0.079008152541295,0.86,0.4056524719292413,2,Centroid
large,0.1526586185110021,0.121386147465156,0.0956360770537344,0.765,0.406078915048658,2,Centroid
circle,0.1551332105497389,0.1235311697792802,0.0940353063167027,0.81,0.4059957216326833,2,Centroid
union,0.1946682884081286,0.1549777239070728,0.1181647722766709,0.7025,0.4059259831069376,2,Centroid
point,0.2680194688676114,0.2136360069191127,0.1696408773512146,0.54,0.4054577683684116,2,PostAgg
small,0.2264496670677609,0.1818034928242516,0.1390490069382156,0.6175,0.3967714767789826,2,PostAgg
medium,0.0904286365211654,0.0708123977770339,0.0571867339622272,0.9425,0.381628615238877,2,PostAgg
large,0.0426362040901983,0.0336580439654057,0.0417572695189135,0.9925,0.3778604406298976,2,PostAgg
circle,0.0622979922134976,0.0482838456745792,0.0473367119337413,0.9725,0.3792648798174097,2,PostAgg
union,0.1030270035019573,0.0804153950190751,0.0648231696658157,0.895,0.3810171103925286,2,PostAgg
point,0.1639575943322516,0.1284031000260864,0.1008360552040688,0.65,0.3027233102195443,3,SA-BNO
small,0.1224817323846754,0.0940246479587289,0.0772408701152787,0.7275,0.2757836532629005,3,SA-BNO
medium,0.0528459289634241,0.0413757410824414,0.0423812927070243,0.875,0.2267908969591566,3,SA-BNO
large,0.0288309656262802,0.0221794696109074,0.030186427309716,0.945,0.2153318273144673,3,SA-BNO
circle,0.0403315410353746,0.0304980099426915,0.0349230268474719,0.93,0.2197016397481678,3,SA-BNO
union,0.0588871851854268,0.0463601354220982,0.0420082581312172,0.86,0.2270843823190764,3,SA-BNO
point,0.2610754211282246,0.204200210361618,0.162266230394637,0.5675,0.4050220940227089,3,Centroid
small,0.2124838817904552,0.1654010077717382,0.1280835322802898,0.68,0.4042955946573458,3,Centroid
medium,0.1345773443162263,0.1074723363980169,0.0819381535928191,0.855,0.405232288048289,3,Centroid
large,0.1639290269362185,0.1299927160232883,0.0968330325375915,0.78,0.4053999244729901,3,Centroid
circle,0.1585716663219863,0.1265691601366024,0.0935789388614508,0.8,0.4054663151465519,3,Centroid
union,0.2096691805301625,0.1627706321448188,0.1247426993943939,0.67,0.4054538585579514,3,Centroid
point,0.2610754211282246,0.204200210361618,0.162266230394637,0.5675,0.4050220940227089,3,PostAgg
small,0.2161765035018276,0.1706789569991268,0.1321932102353814,0.645,0.395525863507967,3,PostAgg
medium,0.0845719527048009,0.0679845643144466,0.0571221005523825,0.93,0.3799031891115069,3,PostAgg
large,0.0419565419217621,0.0341852820160283,0.0386197065510951,1.0,0.3759419561908219,3,PostAgg
circle,0.0592736419690153,0.0456318678356048,0.0452568693323313,0.985,0.3775061962504659,3,PostAgg
union,0.0998406250487206,0.0789966430727768,0.0625246852375119,0.9075,0.3792725048883871,3,PostAgg
point,0.1575740105207975,0.124434212388614,0.0970472754989626,0.6725,0.3074481835909567,4,SA-BNO
small,0.1311221932033069,0.1030729052950915,0.0823355308740466,0.67,0.2807477835414208,4,SA-BNO
medium,0.0560209643820336,0.0441638863833809,0.0411396236077343,0.8725,0.2283469724164067,4,SA-BNO
large,0.0289381081581007,0.0218577853071348,0.0336343928969223,0.9275,0.2171302591198379,4,SA-BNO
circle,0.0399011917108514,0.0312163620530323,0.0340071298234336,0.935,0.2214057059462403,4,SA-BNO
union,0.0618171292123116,0.0477056603106377,0.0438575514199496,0.8525,0.2291856023417973,4,SA-BNO
point,0.279795131815973,0.2227324984008745,0.1806644167969553,0.51,0.4053194372314033,4,Centroid
small,0.2247578231256808,0.1745067355841222,0.1358552738407514,0.615,0.4051461037716162,4,Centroid
medium,0.1395511909964541,0.1124852471075234,0.0832891841223007,0.86,0.4045759686991721,4,Centroid
large,0.1592539735868133,0.1242337585278446,0.0965003757996369,0.78,0.4053863167614831,4,Centroid
circle,0.1623780766185161,0.1294116719518289,0.0968707590504598,0.775,0.4056546958035973,4,Centroid
union,0.2057374402030647,0.1643429733635459,0.1227269935931211,0.6675,0.4053108585286897,4,Centroid
point,0.279795131815973,0.2227324984008745,0.1806644167969553,0.51,0.4053194372314033,4,PostAgg
small,0.2293147960852989,0.1785320438408338,0.1391084044089059,0.62,0.3960592657129113,4,PostAgg
medium,0.0850058630277633,0.0683447006356672,0.0554416724590235,0.9575,0.3795510906026274,4,PostAgg
large,0.0421739176366784,0.032951053458582,0.041230419671435,0.995,0.3756367132740337,4,PostAgg
circle,0.0566839061268388,0.0456710612043673,0.0427659670098854,0.995,0.3771803212356315,4,PostAgg
union,0.107358199917677,0.08388702460995,0.0657945661551516,0.8975,0.3789955171798044,4,PostAgg
point,0.1799462851154239,0.1396466385386026,0.1125383519842693,0.605,0.3082929638068435,5,SA-BNO
small,0.1388353447520485,0.1067722583678679,0.086695864068711,0.695,0.2800875515631674,5,SA-BNO
medium,0.0523548388166611,0.0414730727855458,0.0402324846104268,0.8975,0.2275056298826933,5,SA-BNO
large,0.028549269142411,0.02192901130291,0.0337528474141866,0.925,0.2160907807966474,5,SA-BNO
circle,0.0431672976936005,0.0335219508280785,0.0372334041505023,0.9025,0.2202381945813218,5,SA-BNO
union,0.060789627052661,0.0489096134953834,0.0464330045491681,0.8325,0.2283850836166363,5,SA-BNO
point,0.2943610380436088,0.2317624210964965,0.1904456058886497,0.5,0.4093991957985246,5,Centroid
small,0.2157066951682105,0.1692116675453872,0.1322346302180885,0.655,0.4091528206307003,5,Centroid
medium,0.138075704081008,0.1109266426241653,0.0858610319206832,0.815,0.408603429545498,5,Centroid
large,0.1460657554666209,0.1135520605052795,0.086697702273285,0.81,0.4090682830737653,5,Centroid
circle,0.1517621902974639,0.1172441056607955,0.0883660872017702,0.805,0.4088532716239438,5,Centroid
union,0.2191886545566255,0.1712987413657737,0.1323233326325448,0.66,0.4097104927418844,5,Centroid
point,0.2943610380436088,0.2317624210964965,0.1904456058886497,0.5,0.4093991957985246,5,PostAgg
small,0.2169362497654412,0.1701767491391957,0.1333974207360045,0.6325,0.3999706949511566,5,PostAgg
medium,0.0869583358890085,0.0692965532776596,0.0575015311082572,0.9425,0.3833004469930601,5,PostAgg
large,0.0449745026296429,0.0361687413378259,0.0421329801746963,0.9975,0.3793265650784768,5,PostAgg
circle,0.0619202326672817,0.0484376855124796,0.0459075800168195,0.9875,0.380805831299109,5,PostAgg
union,0.1042477554544461,0.0827573906676161,0.0669519662897334,0.88,0.3827811701556601,5,PostAgg
point,0.1658979812333403,0.1322312569508425,0.1060672491868833,0.5975,0.3010667457032006,6,SA-BNO
small,0.129957663279233,0.1042877864047375,0.0818190075630695,0.69,0.2753954407698044,6,SA-BNO
medium,0.0529254531161997,0.0428650558416222,0.0411352109591729,0.89,0.2256723519459786,6,SA-BNO
large,0.0272694547837918,0.0221595614739499,0.0328996719904178,0.9325,0.2147635470536054,6,SA-BNO
circle,0.040552522869405,0.0309421141117913,0.0369740079342506,0.9025,0.2189154105478101,6,SA-BNO
union,0.0569840033882012,0.0452574770758768,0.0437898944975731,0.8425,0.2260828685636703,6,SA-BNO
point,0.2648269230102782,0.2113817334491618,0.1678197659638782,0.5625,0.4033890048522552,6,Centroid
small,0.2334032478976834,0.1864572443290269,0.1437206115112894,0.6025,0.4032955873618917,6,Centroid
medium,0.1412803747007164,0.1109877184240498,0.083905799733769,0.8225,0.4031001149151773,6,Centroid
large,0.1633121977974003,0.128097448815768,0.0953583100560124,0.7775,0.40263504949598,6,Centroid
circle,0.1521175952369196,0.1213305780727031,0.0909379945407657,0.8125,0.4032716484050195,6,Centroid
union,0.208601878537808,0.161710820309237,0.1269254008156809,0.675,0.403299876774524,6,Centroid
point,0.2648269230102782,0.2113817334491618,0.1678197659638782,0.5625,0.4033890048522552,6,PostAgg
small,0.2390013682622837,0.1911506997025084,0.148253159465333,0.5725,0.3943228364535227,6,PostAgg
medium,0.0884378471880745,0.0703390621801027,0.057919241568369,0.93,0.378113484663389,6,PostAgg
large,0.0482131913181215,0.0388363170699344,0.0429235460195906,0.9925,0.3741434222390717,6,PostAgg
circle,0.0632578214211019,0.0507036188103317,0.0475359549940696,0.985,0.3757017904444214,6,PostAgg
union,0.0960598692063449,0.0762314055802781,0.0627112461916605,0.92,0.3774578660004447,6,PostAgg
point,0.1515305424554498,0.1185444473028371,0.0983053357815599,0.635,0.2876628648760506,7,SA-BNO
small,0.1239855274882214,0.0965018217404252,0.0760401409775025,0.72,0.2648207560720377,7,SA-BNO
medium,0.0508081084576738,0.0406830105738936,0.0401985925192532,0.8775,0.2171490588331615,7,SA-BNO
large,0.0272838248772017,0.0211302056677773,0.0346863535375418,0.9025,0.2060869665394714,7,SA-BNO
circle,0.0380566045309047,0.0301492881429796,0.0367212131045573,0.88,0.2100335705912322,7,SA-BNO
union,0.0570405139825951,0.0462570115453789,0.0412457343364324,0.8725,0.217102885238193,7,SA-BNO
point,0.2595872787145067,0.2012192073148492,0.1617670531411137,0.5675,0.3915827812084652,7,Centroid
small,0.2103845239827837,0.1685674709948126,0.1285164532477803,0.6525,0.3923724594882528,7,Centroid
medium,0.1274623328867379,0.1001107845146118,0.0758194258241484,0.85,0.3928532022014213,7,Centroid
large,0.1543125995637905,0.1180949020712686,0.0938757574272228,0.7675,0.392363394502595,7,Centroid
circle,0.1488667630510023,0.1161968537454332,0.0909746900897389,0.7875,0.3924397832049582,7,Centroid
union,0.1986846422950025,0.1533724871054502,0.1181076458233564,0.6775,0.3924010515895562,7,Centroid
point,0.2595872787145067,0.2012192073148492,0.1617670531411137,0.5675,0.3915827812084652,7,PostAgg
small,0.2138900170286975,0.171362497025746,0.1316499201921724,0.635,0.3838029962731747,7,PostAgg
medium,0.0835301834173486,0.0656922707806844,0.0542602327231695,0.9375,0.3684301015153519,7,PostAgg
large,0.0398744908595015,0.0315684829927093,0.0411333745674422,0.995,0.3645617414064657,7,PostAgg
circle,0.0550753654916124,0.0434113930444992,0.0459875526699316,0.9775,0.365991307622927,7,PostAgg
union,0.0959593500423186,0.0760375434950196,0.0593011015128933,0.915,0.3677045828042526,7,PostAgg
point,0.1784644636471032,0.1409166295628122,0.11088308875542,0.61,0.3081468316766889,8,SA-BNO
small,0.1419780432414275,0.1114974489883345,0.0880992016627548,0.6425,0.2813857409911802,8,SA-BNO
medium,0.053214424630625,0.041637936177537,0.0420810431223857,0.875,0.2302118441608994,8,SA-BNO
large,0.0294968493036249,0.0237010060142592,0.0333581863784475,0.9425,0.2188326277394473,8,SA-BNO
circle,0.0403207789736825,0.0322841327267024,0.0366031495079679,0.9175,0.2228805977650211,8,SA-BNO
union,0.0631502141194951,0.0483724416470001,0.0452392934841861,0.8675,0.2309593488538215,8,SA-BNO
point,0.2780050027920883,0.2194115402056384,0.1744198533592999,0.545,0.412067109351155,8,Centroid
small,0.2327629199931117,0.1855500116900964,0.1429705274442498,0.635,0.4118894188917791,8,Centroid
medium,0.1429268785880018,0.1129190618054252,0.0874274105079876,0.8075,0.4115347969935448,8,Centroid
large,0.1622196586940449,0.130043628835727,0.0943838533114471,0.8025,0.4124224106729383,8,Centroid
circle,0.1615848166464381,0.1273021035396175,0.0955306724920343,0.775,0.4107108592960206,8,Centroid
union,0.2402202884209878,0.1844942484188296,0.1434524805943309,0.6425,0.4124248805074426,8,Centroid
point,0.2780050027920883,0.2194115402056384,0.1744198533592999,0.545,0.412067109351155,8,PostAgg
small,0.2349456959748846,0.1877492050420514,0.1451763132234866,0.6075,0.4023978593526601,8,PostAgg
medium,0.0857621815064366,0.0682141178455994,0.0565676915240915,0.94,0.3851709239818309,8,PostAgg
large,0.0456642253267381,0.0374216394658126,0.0416638210669956,0.9975,0.3810391248062169,8,PostAgg
circle,0.0627673321845539,0.0491793717229418,0.0473614262155437,0.985,0.3824674537463166,8,PostAgg
union,0.1089669528613862,0.0873377475848837,0.0673262077873103,0.885,0.3845975653240641,8,PostAgg
point,0.1602049973879371,0.1251087399973273,0.1015003979262154,0.615,0.3008415959035164,9,SA-BNO
small,0.1207568524568325,0.0956458215421311,0.0745074296687179,0.705,0.2754912602626133,9,SA-BNO
medium,0.0513675177404998,0.0408884722521268,0.0396222111109608,0.895,0.2282083510782866,9,SA-BNO
large,0.0257954041368898,0.0208006282246768,0.033089295766152,0.93,0.2173101361367461,9,SA-BNO
circle,0.0373825128304692,0.0296135826998713,0.0341761385898178,0.9325,0.2210028829668917,9,SA-BNO
union,0.053391075085479,0.0423098208699017,0.040218605315,0.885,0.2280970064387532,9,SA-BNO
point,0.2809312513490883,0.2259939893692048,0.1828862444376495,0.5175,0.4108998437625583,9,Centroid
small,0.2153382202668099,0.1726690843202255,0.1302248706027327,0.6475,0.4103725914804568,9,Centroid
medium,0.1332954237702554,0.1058988512988004,0.0827148898202623,0.8225,0.4107475337066241,9,Centroid
large,0.1493811057742058,0.1186308366717098,0.0897557348033198,0.82,0.4106535681675394,9,Centroid
circle,0.1536914474015223,0.1222991549187036,0.0910449222545752,0.81,0.4094791643423894,9,Centroid
union,0.2131974719676161,0.1680979517507356,0.132307789200569,0.6425,0.4099690367482203,9,Centroid
point,0.2809312513490883,0.2259939893692048,0.1828862444376495,0.5175,0.4108998437625583,9,PostAgg
small,0.2189272464796186,0.174842687706488,0.1328049047805001,0.64,0.4017378795233879,9,PostAgg
medium,0.0864938423278071,0.069894199408624,0.0582078802981923,0.9375,0.3862712475392639,9,PostAgg
large,0.0388892130497644,0.0311772543926234,0.0407495456102754,1.0,0.3824190284578821,9,PostAgg
circle,0.0582728537669844,0.0439038900215839,0.0448439554719801,0.99,0.3837449170795545,9,PostAgg
union,0.1007756033453518,0.0786936242610882,0.0627951835190455,0.905,0.3854870371851963,9,PostAgg
