rep,width,method,rmse
0,0.0,SA-BNO,0.1480909861700618
0,0.0,Centroid,0.2729611079450537
0,0.0,PostAgg,0.2729611079450537
0,0.04,SA-BNO,0.157042444292155
0,0.04,Centroid,0.251264535932299
0,0.04,PostAgg,0.2537313014033354
0,0.08,SA-BNO,0.1201525887070629
0,0.08,Centroid,0.1865079958491707
0,0.08,PostAgg,0.189212123429691
0,0.12,SA-BNO,0.0831007000450498
0,0.12,Centroid,0.1512041111464605
0,0.12,PostAgg,0.1258384296739227
0,0.16,SA-BNO,0.0532862379514408
0,0.16,Centroid,0.1408725274176295
0,0.16,PostAgg,0.0878507594201813
0,0.2,SA-BNO,0.0415591503907896
0,0.2,Centroid,0.1531565392810478
0,0.2,PostAgg,0.0657574693892657
0,0.24,SA-BNO,0.0397673680949136
0,0.24,Centroid,0.1553945985476008
0,0.24,PostAgg,0.0560368444867334
0,0.28,SA-BNO,0.0305652971464615
0,0.28,Centroid,0.1597266961798981
0,0.28,PostAgg,0.0494582688003434
0,0.32,SA-BNO,0.0286178881614611
0,0.32,Centroid,0.1557624433916824
0,0.32,PostAgg,0.0406623020956743
0,0.36,SA-BNO,0.0223729041949674
0,0.36,Centroid,0.1649776561043662
0,0.36,PostAgg,0.0350992596417052
0,0.4,SA-BNO,0.021605798758057
0,0.4,Centroid,0.1730422399025483
0,0.4,PostAgg,0.0301624652827163
1,0.0,SA-BNO,0.1664776962126173
1,0.0,Centroid,0.266444882580523
1,0.0,PostAgg,0.266444882580523
1,0.04,SA-BNO,0.1465982047430697
1,0.04,Centroid,0.2283079919641806
1,0.04,PostAgg,0.2313143143898288
1,0.08,SA-BNO,0.1134966803257842
1,0.08,Centroid,0.1797106347010685
1,0.08,PostAgg,0.1865869296810679
1,0.12,SA-BNO,0.0737618453373822
1,0.12,Centroid,0.1316446305152979
1,0.12,PostAgg,0.1260022694146511
1,0.16,SA-BNO,0.0529163735288021
1,0.16,Centroid,0.1247837761631174
1,0.16,PostAgg,0.0890211921333897
1,0.2,SA-BNO,0.0427396933937129
1,0.2,Centroid,0.1437150311659454
1,0.2,PostAgg,0.0612104493824004
1,0.24,SA-BNO,0.0384230287944218
1,0.24,Centroid,0.1435736866602624
1,0.24,PostAgg,0.0556818719502158
1,0.28,SA-BNO,0.0319209262753947
1,0.28,Centroid,0.1583647447710459
1,0.28,PostAgg,0.0459096953156211
1,0.32,SA-BNO,0.0270303086064752
1,0.32,Centroid,0.155274118346181
1,0.32,PostAgg,0.0376644847701567
1,0.36,SA-BNO,0.0257594330786622
1,0.36,Centroid,0.1575931541707365
1,0.36,PostAgg,0.0326560141592197
1,0.4,SA-BNO,0.0210527872183792
1,0.4,Centroid,0.1535519954355867
1,0.4,PostAgg,0.0261617157886333
2,0.0,SA-BNO,0.1561047708192612
2,0.0,Centroid,0.2713196895505402
2,0.0,PostAgg,0.2713196895505402
2,0.04,SA-BNO,0.1460359357029558
2,0.04,Centroid,0.2602963161761923
2,0.04,PostAgg,0.2625259148302952
2,0.08,SA-BNO,0.1085369565797072
2,0.08,Centroid,0.1922697408051451
2,0.08,PostAgg,0.19835358274681
2,0.12,SA-BNO,0.0726687485085761
2,0.12,Centroid,0.136223824808028
2,0.12,PostAgg,0.1253145329748535
2,0.16,SA-BNO,0.0508707349971911
2,0.16,Centroid,0.1385429367470733
2,0.16,PostAgg,0.088024303722114
2,0.2,SA-BNO,0.0383111484694609
2,0.2,Centroid,0.1379929774138062
2,0.2,PostAgg,0.0626307347908276
2,0.24,SA-BNO,0.0337593199185108
2,0.24,Centroid,0.1489062196045525
2,0.24,PostAgg,0.0571629037646832
2,0.28,SA-BNO,0.0309951456156133
2,0.28,Centroid,0.1544557966333652
2,0.28,PostAgg,0.0508470389714204
2,0.32,SA-BNO,0.0262195052381457
2,0.32,Centroid,0.1453750894533201
2,0.32,PostAgg,0.0395736877619795
2,0.36,SA-BNO,0.0203103332532282
2,0.36,Centroid,0.1520849898207153
2,0.36,PostAgg,0.0329492110949847
2,0.4,SA-BNO,0.0162789130887269
2,0.4,Centroid,0.1594249790830669
2,0.4,PostAgg,0.027765583017267
3,0.0,SA-BNO,0.1582067269692845
3,0.0,Centroid,0.2637332569844892
3,0.0,PostAgg,0.2637332569844892
3,0.04,SA-BNO,0.1400287605302508
3,0.04,Centroid,0.2519446070923645
3,0.04,PostAgg,0.2540640625719623
3,0.08,SA-BNO,0.1135893035520018
3,0.08,Centroid,0.184680135041627
3,0.08,PostAgg,0.1852042724374654
3,0.12,SA-BNO,0.0764706720383981
3,0.12,Centroid,0.1353059910136409
3,0.12,PostAgg,0.1308202597202859
3,0.16,SA-BNO,0.0561749603580623
3,0.16,Centroid,0.1362780563458973
3,0.16,PostAgg,0.090817622991747
3,0.2,SA-BNO,0.0453237932207539
3,0.2,Centroid,0.1492578661789826
3,0.2,PostAgg,0.0673984311507966
3,0.24,SA-BNO,0.0384095437892272
3,0.24,Centroid,0.1558791717610016
3,0.24,PostAgg,0.0555695389819287
3,0.28,SA-BNO,0.0328761547514882
3,0.28,Centroid,0.1542553315689547
3,0.28,PostAgg,0.0466039646972137
3,0.32,SA-BNO,0.0296648866851389
3,0.32,Centroid,0.168608512102721
3,0.32,PostAgg,0.0424922465088627
3,0.36,SA-BNO,0.0251515351889821
3,0.36,Centroid,0.1543292597532778
3,0.36,PostAgg,0.0337939228579212
3,0.4,SA-BNO,0.0225408144900593
3,0.4,Centroid,0.1592934020968646
3,0.4,PostAgg,0.0278142606228716
4,0.0,SA-BNO,0.1439790824899336
4,0.0,Centroid,0.2767566341356482
4,0.0,PostAgg,0.2767566341356482
4,0.04,SA-BNO,0.1396639494139168
4,0.04,Centroid,0.2540114607122435
4,0.04,PostAgg,0.2576557944381022
4,0.08,SA-BNO,0.1069421919243079
4,0.08,Centroid,0.1824176318769527
4,0.08,PostAgg,0.1869948395436009
4,0.12,SA-BNO,0.0704900069007432
4,0.12,Centroid,0.1362185946654976
4,0.12,PostAgg,0.1305984600974117
4,0.16,SA-BNO,0.0502331745544424
4,0.16,Centroid,0.1380910839187399
4,0.16,PostAgg,0.090827136396614
4,0.2,SA-BNO,0.0404454204853637
4,0.2,Centroid,0.152932580550017
4,0.2,PostAgg,0.0627315487985042
4,0.24,SA-BNO,0.0360438144260376
4,0.24,Centroid,0.146386360220445
4,0.24,PostAgg,0.0564056929720079
4,0.28,SA-BNO,0.0322506827775086
4,0.28,Centroid,0.1544565035538794
4,0.28,PostAgg,0.0461961944333877
4,0.32,SA-BNO,0.0264371902444497
4,0.32,Centroid,0.1618060928386694
4,0.32,PostAgg,0.040760145481288
4,0.36,SA-BNO,0.0223108236265802
4,0.36,Centroid,0.1669760214755045
4,0.36,PostAgg,0.0338065284734288
4,0.4,SA-BNO,0.020282994711112
4,0.4,Centroid,0.1608935700160547
4,0.4,PostAgg,0.0288054469761944
5,0.0,SA-BNO,0.164709924034083
5,0.0,Centroid,0.2990044886969222
5,0.0,PostAgg,0.2990044886969222
5,0.04,SA-BNO,0.138501284101655
5,0.04,Centroid,0.249807787581242
5,0.04,PostAgg,0.2518287027793495
5,0.08,SA-BNO,0.1228582369086194
5,0.08,Centroid,0.1797476940377548
5,0.08,PostAgg,0.1904042392573419
5,0.12,SA-BNO,0.0749091395161684
5,0.12,Centroid,0.1335614026989929
5,0.12,PostAgg,0.1325871065637448
5,0.16,SA-BNO,0.050022429911308
5,0.16,Centroid,0.1257961421306783
5,0.16,PostAgg,0.0842256133707878
5,0.2,SA-BNO,0.0431979902900569
5,0.2,Centroid,0.1404223920911961
5,0.2,PostAgg,0.0693767986069915
5,0.24,SA-BNO,0.034815499223629
5,0.24,Centroid,0.1404146484599496
5,0.24,PostAgg,0.0533246088404318
5,0.28,SA-BNO,0.0337096228030969
5,0.28,Centroid,0.1402645667022563
5,0.28,PostAgg,0.0467249086144234
5,0.32,SA-BNO,0.0282949004324582
5,0.32,Centroid,0.1512278546980027
5,0.32,PostAgg,0.0421663787158024
5,0.36,SA-BNO,0.0263133269683989
5,0.36,Centroid,0.1536589652725399
5,0.36,PostAgg,0.0363118064545038
5,0.4,SA-BNO,0.020927696490649
5,0.4,Centroid,0.1403562955346919
5,0.4,PostAgg,0.0295832920465489
6,0.0,SA-BNO,0.1749256844698758
6,0.0,Centroid,0.2929299549830699
6,0.0,PostAgg,0.2929299549830699
6,0.04,SA-BNO,0.1484508085114269
6,0.04,Centroid,0.2640713231488029
6,0.04,PostAgg,0.2672310448119221
6,0.08,SA-BNO,0.1188110358983599
6,0.08,Centroid,0.1924172921012323
6,0.08,PostAgg,0.1968211712365387
6,0.12,SA-BNO,0.0846720063003296
6,0.12,Centroid,0.1493208019111745
6,0.12,PostAgg,0.1377494295768226
6,0.16,SA-BNO,0.0622044548443797
6,0.16,Centroid,0.1449854004213766
6,0.16,PostAgg,0.0871662154025652
6,0.2,SA-BNO,0.0474684570767408
6,0.2,Centroid,0.1543093862267059
6,0.2,PostAgg,0.069717707363091
6,0.24,SA-BNO,0.0408701846396014
6,0.24,Centroid,0.1576552188191948
6,0.24,PostAgg,0.060179517788789
6,0.28,SA-BNO,0.0367236391158023
6,0.28,Centroid,0.1650292615855327
6,0.28,PostAgg,0.0584477164619397
6,0.32,SA-BNO,0.0308559293117847
6,0.32,Centroid,0.1656976760610085
6,0.32,PostAgg,0.0479914402337345
6,0.36,SA-BNO,0.0264496112017508
6,0.36,Centroid,0.1574560525830712
6,0.36,PostAgg,0.0370801954742827
6,0.4,SA-BNO,0.0212384128547121
6,0.4,Centroid,0.1669147651050024
6,0.4,PostAgg,0.031373859275455
7,0.0,SA-BNO,0.1677212229084949
7,0.0,Centroid,0.2809650475280653
7,0.0,PostAgg,0.2809650475280653
7,0.04,SA-BNO,0.1611393852420867
7,0.04,Centroid,0.2656149037812327
7,0.04,PostAgg,0.2681739137383288
7,0.08,SA-BNO,0.1078082839354616
7,0.08,Centroid,0.1920768636953235
7,0.08,PostAgg,0.1958445065076836
7,0.12,SA-BNO,0.0759039939641123
7,0.12,Centroid,0.1406725192379523
7,0.12,PostAgg,0.1283940216061307
7,0.16,SA-BNO,0.052572677927762
7,0.16,Centroid,0.1323974449021066
7,0.16,PostAgg,0.0873789154891351
7,0.2,SA-BNO,0.0452064909851937
7,0.2,Centroid,0.1313553924102771
7,0.2,PostAgg,0.0685729582708324
7,0.24,SA-BNO,0.041574821154191
7,0.24,Centroid,0.1479028868203855
7,0.24,PostAgg,0.057279832618422
7,0.28,SA-BNO,0.0325280037939133
7,0.28,Centroid,0.1451392225992583
7,0.28,PostAgg,0.0488168563635639
7,0.32,SA-BNO,0.0269716780383716
7,0.32,Centroid,0.1437234117137813
7,0.32,PostAgg,0.0412155698848725
7,0.36,SA-BNO,0.0249822428343859
7,0.36,Centroid,0.1620660523426403
7,0.36,PostAgg,0.0349213199356252
7,0.4,SA-BNO,0.020271217372495
7,0.4,Centroid,0.1488682426504804
7,0.4,PostAgg,0.0280575936828251
8,0.0,SA-BNO,0.1614976302319783
8,0.0,Centroid,0.2842770206416979
8,0.0,PostAgg,0.2842770206416979
8,0.04,SA-BNO,0.1515934322730466
8,0.04,Centroid,0.2577539969367206
8,0.04,PostAgg,0.2612592881686669
8,0.08,SA-BNO,0.1072178341802248
8,0.08,Centroid,0.1744996557415389
8,0.08,PostAgg,0.1805392398177466
8,0.12,SA-BNO,0.077300786119333
8,0.12,Centroid,0.1370627929672143
8,0.12,PostAgg,0.1256290734676912
8,0.16,SA-BNO,0.0577310538519002
8,0.16,Centroid,0.1289979901282044
8,0.16,PostAgg,0.0831388759286292
8,0.2,SA-BNO,0.0461404075749514
8,0.2,Centroid,0.14609842801968
8,0.2,PostAgg,0.0703131373863427
8,0.24,SA-BNO,0.0378472982828902
8,0.24,Centroid,0.1467353366097054
8,0.24,PostAgg,0.0506341384152439
8,0.28,SA-BNO,0.0366409280526028
8,0.28,Centroid,0.1685488498707404
8,0.28,PostAgg,0.0531773507677497
8,0.32,SA-BNO,0.0270469296876101
8,0.32,Centroid,0.1469484180664754
8,0.32,PostAgg,0.0404335304741071
8,0.36,SA-BNO,0.0266907340973948
8,0.36,Centroid,0.1513920417376443
8,0.36,PostAgg,0.0378427450076996
8,0.4,SA-BNO,0.0209141210869677
8,0.4,Centroid,0.1590593649108626
8,0.4,PostAgg,0.0311602212607001
9,0.0,SA-BNO,0.1527044051859792
9,0.0,Centroid,0.2570409504310055
9,0.0,PostAgg,0.2570409504310055
9,0.04,SA-BNO,0.1469197843326809
9,0.04,Centroid,0.2493735308462539
9,0.04,PostAgg,0.2513291470063086
9,0.08,SA-BNO,0.1016517519723402
9,0.08,Centroid,0.1876031140578154
9,0.08,PostAgg,0.1920392462890377
9,0.12,SA-BNO,0.0722508721822003
9,0.12,Centroid,0.1531603620249456
9,0.12,PostAgg,0.1300085626492094
9,0.16,SA-BNO,0.0502585339266586
9,0.16,Centroid,0.1364822690298121
9,0.16,PostAgg,0.0835407276481879
9,0.2,SA-BNO,0.041393855838648
9,0.2,Centroid,0.1453182375362404
9,0.2,PostAgg,0.0694762834820079
9,0.24,SA-BNO,0.0358881481014381
9,0.24,Centroid,0.1533995573634067
9,0.24,PostAgg,0.0562965679847676
9,0.28,SA-BNO,0.0304036159458151
9,0.28,Centroid,0.1489578959132492
9,0.28,PostAgg,0.0461841638167837
9,0.32,SA-BNO,0.0280822672338156
9,0.32,Centroid,0.1534653078011796
9,0.32,PostAgg,0.0414637232575882
9,0.36,SA-BNO,0.0236268834626553
9,0.36,Centroid,0.153240955215312
9,0.36,PostAgg,0.0354149046974414
9,0.4,SA-BNO,0.0197875442039609
9,0.4,Centroid,0.1522663667566473
9,0.4,PostAgg,0.02864644523463
