target,mean,lo,hi
2.5931726,2.702477,2.3347447,3.1891377
3.1672716,3.4602935,2.9641728,4.189815
2.4746385,3.2310574,2.7163765,3.8757787
2.5509362,3.026178,2.4282546,3.807749
2.1373417,2.6307108,2.1063323,3.19365
1.7445829,2.0414476,1.6485851,2.3872085
1.7499595,2.066972,1.5369201,2.6415122
3.2643802,2.4808667,1.9387648,3.0089042
2.4658046,2.9564514,2.4319544,3.3564332
2.358268,2.709357,2.025358,3.4095273
2.1362355,2.4768753,1.9382446,3.063795
2.232104,2.3809888,1.772535,2.9985662
2.0569317,2.1282773,1.47126,2.6633744
1.8907422,1.8295267,1.3520961,2.3015687
2.61508,2.71331,2.1971552,3.3264372
2.4780807,2.522056,1.9553457,3.0445135
2.3475149,2.2356014,1.716684,2.8596058
2.2883074,2.343134,1.8348459,2.965969
1.5077957,1.6909398,1.0354207,2.2795687
1.3769561,1.5651027,1.0015777,2.08025
1.3854364,1.5908247,1.1848295,2.1060216
1.6404147,2.003865,1.4951392,2.5757163
1.5515301,1.8670218,1.457134,2.2501826
1.8802419,1.7384074,1.149539,2.1559165
1.6888909,1.6956502,1.2269319,2.1810744
1.3750097,1.5786326,0.99592346,2.0119808
1.2938359,1.3720433,1.0264752,1.8677723
1.3703035,1.5026659,0.97194314,2.055714
1.5883126,1.8538468,1.142491,2.3966365
1.4883579,1.7777326,1.165379,2.4025893
1.3874615,1.7377543,1.0342757,2.2004173
1.4943277,1.6972624,1.0661293,2.2637975
1.5589353,1.5188789,0.98147064,1.9967654
1.3507843,1.3619667,0.9493941,1.9416727
1.3562243,1.3050748,0.8792384,1.8769675
1.6551791,1.7350063,1.2771536,2.1993592
1.5784546,1.7304796,1.1902306,2.5347376
1.5892786,1.6150078,1.1027374,2.4369624
1.5763836,1.7955407,1.2349899,2.195506
1.6171257,1.5129973,0.98454726,1.9463181
1.4269342,1.5051724,0.88638866,2.0947301
1.3542476,1.3573908,0.8929239,1.765246
1.253662,1.4456924,0.7949992,2.0504012
1.8474857,2.0293958,1.2806269,2.5889535
1.8603139,1.6325785,1.0176742,2.0729825
1.9036222,1.7179662,1.2335941,2.2613533
1.9795693,2.515375,2.037511,2.985759
1.8313289,2.3440967,1.6890157,3.0126312
2.1226,2.2693977,1.7957051,2.835724
1.9358379,2.2146158,1.6814162,2.7750466
1.6488578,1.8557687,1.2732384,2.3353517
1.5283375,1.5031662,0.87922317,1.9583987
1.5838499,1.6822964,1.1422124,2.3909876
3.6746523,1.8153028,1.1830785,2.5047042
2.0096924,2.4507523,1.9141341,2.944181
1.6563807,2.2551599,1.7049625,2.9647613
1.4894643,2.0968523,1.5904174,2.6816583
1.6308112,1.9750556,1.4988517,2.51515
1.7038473,1.9031327,1.3590746,2.4476466
1.8086975,1.7772104,1.273117,2.3006845
1.5117108,1.4314187,0.9667788,1.9031668
1.4135512,1.5516042,0.99896646,2.3260882
1.7718899,2.1570163,1.6267598,2.6038713
1.6900754,1.9414032,1.4299833,2.3661313
1.6744857,1.901367,1.2858739,2.5695555
1.7051746,1.9694782,1.2907974,2.5274725
1.6631075,1.7966745,1.2298728,2.354853
1.4909339,1.5805782,0.9978903,2.1168623
1.3455092,1.6364094,1.088993,2.16332
1.3404161,1.5998389,1.067944,1.9989915
2.2378886,2.323705,1.8236333,2.866912
2.3088512,1.9158351,1.4724661,2.3975484
2.2089725,2.0500245,1.4796889,2.5946121
2.4765897,3.0847144,2.340837,3.6510608
2.3765302,2.8085034,2.396852,3.3381226
2.3630807,2.7415116,2.2971587,3.1868603
2.0138338,2.326273,1.8680992,2.7489443
1.8190742,1.8785642,1.428332,2.4135263
1.7955627,1.8579714,1.2735921,2.4346647
3.9862552,2.284481,1.8481385,2.7334497
2.5977259,2.6804314,2.0136364,3.209082
2.0529826,2.4263933,1.9459288,2.8291357
1.8358516,2.251572,1.6365607,2.731549
2.0338664,2.0870256,1.570635,2.4576435
2.228806,2.1381094,1.6437132,2.7034254
2.4504619,1.9168202,1.3485354,2.4724326
1.8344002,1.7498873,1.1926289,2.3055604
1.6842126,1.7307559,1.2060437,2.303591
2.5715938,2.3960462,2.0775657,2.8109078
2.1779854,2.415234,1.6419313,2.9235694
2.0482311,2.2239518,1.731411,2.7943225
2.0400121,2.0870326,1.4974922,2.6438303
2.1191463,2.2599862,1.7405689,2.9519014
2.009936,1.933349,1.3854791,2.346221
1.8209743,1.7421907,1.1187977,2.439423
1.6887293,1.7329338,1.2335597,2.2416787
1.7074683,1.8535938,1.2880927,2.4916625
2.489339,2.8597121,2.1680553,3.4983032
1.9357593,2.077904,1.6627213,2.6311312
1.8775582,2.2691524,1.6802666,2.7724187
3.80521,3.722744,3.2772577,4.166932
3.278504,3.4723916,3.089704,3.8807964
2.8729746,3.4639688,2.9706964,3.941021
2.5109053,2.8313427,2.3719296,3.2976272
1.9287193,2.1240993,1.5508535,2.6097107
1.7837917,2.096953,1.7512653,2.465867
4.2162,3.6076303,3.053211,4.2717605
2.5961773,3.2029653,2.5567648,3.8818688
2.3211281,2.8967679,2.297726,3.2574878
2.2211182,2.8858266,2.1391997,3.4381464
2.5391657,2.5198677,2.0458221,2.9380894
2.1396542,1.9898458,1.343121,2.5151126
1.9310008,2.010031,1.5086212,2.5076907
3.887687,3.0891976,2.6720207,3.5409539
2.9955494,2.8548276,2.2953234,3.3047612
2.3397737,2.7424757,2.0726087,3.276514
2.249989,2.883131,2.2304423,3.3506846
2.255054,2.5676122,1.8720073,3.134576
2.2554412,2.0326755,1.3501422,2.6883767
1.8497621,2.0830362,1.617319,2.6106849
1.9629823,2.1764343,1.5981035,2.7360775
2.2928843,2.6201248,1.9659117,3.15316
1.9913427,2.048683,1.5247548,2.6727285
1.9343584,2.0098968,1.3929487,2.5492587
2.7656388,3.4120293,3.055999,3.9494758
2.5020275,3.220996,2.65645,3.9135866
2.3255754,2.9654572,2.3222086,3.542015
2.2222428,2.537189,2.101922,2.9571304
1.8378971,1.9872195,1.282513,2.540865
1.7394078,1.9794837,1.5670922,2.335256
4.2808456,2.531643,2.0493722,3.1687548
2.7870684,3.1982193,2.78958,3.6372588
2.318343,2.7153995,2.101871,3.1549013
2.0944,2.5304608,1.9356583,3.0971115
2.0209973,2.5623853,2.0774913,3.3258834
2.2824914,2.3914537,1.8540187,2.899332
1.9204314,1.7952927,1.224659,2.2344446
1.7510315,1.7206345,1.1754483,2.2927957
2.423092,2.55795,1.815424,3.260109
2.5572138,2.3840897,1.8733957,2.721997
2.1662588,2.4379647,1.6627024,3.0435658
2.0032463,2.515901,2.077339,3.0194411
2.1060495,2.2045467,1.7384949,2.6091123
1.8610089,1.855435,1.3129419,2.274311
1.6139379,1.8017461,1.3045722,2.356734
1.6778843,1.9348125,1.3438764,2.4611626
1.9533806,2.216374,1.4371927,2.7221138
1.7809042,1.8039956,1.3747344,2.2077825
1.7422769,1.843263,1.2075588,2.505262
2.0141656,2.53251,1.9844482,2.984672
1.9264095,2.4536834,1.8759626,2.830159
1.9422853,2.0537138,1.654958,2.5099132
1.8380175,1.7086931,1.1965159,2.176793
1.6480135,1.7852434,1.0653435,2.2922344
2.0006354,2.2539494,1.6425797,2.7690578
1.7122592,1.899392,1.2105131,2.4496067
1.9334158,2.1047146,1.5417781,2.555527
2.0099993,1.7270994,1.0183675,2.3395953
1.8335596,1.6737064,1.0598963,2.338736
1.8629055,2.0920043,1.594414,2.4921005
2.1171236,1.9541569,1.4801505,2.4431667
2.1427596,2.001692,1.5437934,2.5237005
2.0236466,2.096777,1.5887299,2.7260728
2.052623,1.8984774,1.3463967,2.4077392
1.8655419,1.7041645,1.1868387,2.2549417
1.799222,1.6434082,1.1777894,2.1195965
1.5750288,1.6125364,1.1418844,2.2758288
2.364213,2.4577367,1.9383669,3.0357735
1.8592469,2.0133057,1.5595878,2.3932421
1.8302565,2.0146983,1.3891482,2.7146597
2.6801333,3.3408961,2.7590132,3.8184419
2.4131842,3.1208189,2.6696157,3.6964567
2.2520049,2.8686943,2.1642272,3.4201639
2.1052828,2.393416,2.0086038,2.8788025
1.7797103,1.9230988,1.3862139,2.5623493
1.6180053,1.8022873,1.3064955,2.4223201
3.675173,2.3904788,1.8807534,2.9532428
2.5232282,2.7968466,2.2300653,3.3574758
2.4070764,2.6205432,2.0863373,3.2774065
2.2510755,2.4162517,1.9103469,3.0439723
2.2484508,2.2678082,1.7359941,2.9656813
2.2667246,2.323019,1.5281576,2.9280016
2.1458123,2.0124967,1.5900164,2.5017056
1.8099726,1.6675662,1.0129893,2.3071306
1.5968282,1.5889604,0.8126582,2.303814
2.3819017,2.5092986,1.8027713,3.123684
2.3584185,2.3313782,1.8529272,2.763229
2.3181581,2.348677,1.8976078,2.9007356
2.1770003,2.4067125,1.8497738,2.98534
2.1839721,2.0551403,1.56106,2.7020457
1.7455275,1.7911947,1.0934854,2.2968602
1.5179192,1.6801362,1.1945145,2.2953303
1.6128894,1.6985149,1.0899718,2.2795048
1.5669091,2.037614,1.5507077,2.6140122
1.6865349,2.4624739,1.9193641,3.1631691
1.7933706,2.3374867,1.866418,2.7903974
1.6967812,2.0546706,1.5472,2.5956671
1.4625274,1.7097123,1.296418,2.1489286
1.4173154,1.760638,1.1836826,2.3565438
2.1665165,2.6020672,2.0317452,3.2921307
2.0307813,2.3284535,1.8773359,2.8860617
1.8204277,2.1469314,1.5773526,2.7688875
1.9226737,1.9837381,1.409776,2.5231557
1.9969093,1.9599793,1.4116325,2.5153682
1.9356399,1.7198753,1.1553216,2.2996473
1.7255895,1.541208,0.73961747,2.0782733
1.5911896,1.6007389,1.0400549,2.153059
2.182338,2.2662327,1.6111784,2.792057
2.0004275,2.0946565,1.6724446,2.548961
2.0494986,1.969397,1.4937631,2.4578342
2.034253,2.1547203,1.5524898,2.6985946
2.046587,1.8468415,1.3873489,2.3020513
1.8694556,1.6299393,1.050601,2.3347707
1.6424208,1.6372108,0.9240004,2.153326
1.5198015,1.5824851,1.044117,1.9772791
2.1767561,2.386484,1.9272735,2.8260674
1.4771063,1.8796552,1.3496894,2.2604616
1.6190454,1.6929201,1.2591348,2.2047522
2.5486002,2.7183015,2.2688506,3.1720996
2.277262,2.4354916,1.9035952,3.0550842
2.3968756,2.4389296,1.8065832,2.969374
2.2315152,2.0772176,1.5530355,2.569335
1.796021,1.6082139,1.145858,2.1207552
1.3245343,1.7740291,1.2609289,2.4134235
2.290725,2.6920261,2.220456,3.2154725
2.2255943,2.4773433,1.9179326,3.025977
2.3762517,2.4612713,1.8930221,3.0087075
2.3726082,2.5502808,2.010922,3.070142
1.8008163,1.9490302,1.4100822,2.422481
1.265287,1.7315389,0.8579505,2.3017473
1.4809259,1.9242346,1.3422934,2.5196695
1.7597475,1.8828133,1.3115541,2.327209
1.9299989,2.3673258,1.654509,2.9779246
1.6267723,1.8425801,1.361216,2.2546566
1.5618169,1.8754278,1.3851321,2.4626417
2.0424855,2.535452,2.043409,3.1257792
2.034514,2.3609574,1.9179744,2.9260983
1.9247459,1.6570113,1.2298746,2.2304523
1.5966417,1.7861367,1.2869183,2.4056928
2.2221694,2.4654758,1.878204,2.9911878
2.177288,2.2559845,1.6306787,2.706823
2.2686882,2.3770535,1.8540804,2.7190232
1.8333769,1.7210815,1.133729,2.3235323
1.4016793,1.6479104,1.0866692,2.2225974
1.0554264,1.6567377,1.105502,2.1763237
1.6734809,1.6948211,1.212271,2.1918566
1.7970262,1.7083268,1.043225,2.3962686
2.2632377,2.2110229,1.6662546,2.7787392
1.8599885,1.7959709,1.3556283,2.4723232
1.9861186,2.1127205,1.7181444,2.5805473
1.7490393,1.7837801,1.2314591,2.341646
1.7350055,1.8042548,1.296275,2.2248642
2.2522664,2.7537248,2.0232074,3.4375727
2.062471,2.6161766,2.1013796,3.1419888
1.8461959,2.3572667,1.8790886,2.849907
1.6997719,1.7298349,1.1873975,2.3433897
1.6353811,1.7338829,1.1474872,2.2644656
2.267165,2.4993067,1.9028594,3.2259896
2.4360807,2.329565,1.9493632,2.8612459
2.2659588,2.2322323,1.6982154,2.9616141
1.8485438,2.0704632,1.6034111,2.5612628
1.9555634,1.7437035,1.1709116,2.2445378
1.8893461,1.66867,1.0332199,2.197626
2.26516,2.1742725,1.7022817,2.875809
2.0500343,1.9333566,1.2940621,2.3239324
2.0047426,1.7825769,1.2144134,2.3354294
1.8323895,1.6051525,1.048313,2.1466937
1.8626575,1.652425,1.1627644,2.3296554
1.7501307,3.1775107,2.6184149,3.8284092
1.6118611,2.1609454,1.6848357,2.7216861
2.929037,3.5414608,3.070192,4.161454
2.9857805,3.2113059,2.8168073,3.6742775
2.8606668,3.1614976,2.5755174,3.9253058
2.2080362,2.1393285,1.5972141,2.647201
1.845745,2.0510676,1.5086418,2.4472947
2.9600613,3.0683897,2.6140735,3.8241792
2.3381743,2.1135662,1.5929108,2.7139342
2.2047114,2.0501423,1.5514538,2.5136733
1.8842033,2.1103306,1.7760583,2.603967
2.3395042,3.1477563,2.6022673,3.659816
2.204261,2.6599958,2.261059,3.196672
2.340111,2.4384496,1.967493,2.8467095
2.1141343,2.2954562,1.7466325,2.7184255
1.7140267,1.5360748,0.97742546,2.0385854
2.9253163,2.6661012,2.2309656,3.2532856
2.3477094,2.4375172,1.7198883,3.0404327
2.5391185,2.3906605,1.8707854,2.8512664
1.6112733,1.7039531,1.2809463,2.201029
1.7023233,1.9649704,1.4917051,2.4803119
1.420778,1.6387373,1.1158329,2.194651
1.3655324,1.6714796,1.1735677,2.0824904
2.415806,1.5681171,1.0408387,2.141466
1.8887825,1.626804,1.1733062,2.0825136
1.3552196,1.4820939,0.91496223,1.9796307
1.3740602,1.2558324,0.70066047,1.8918841
1.3521619,1.2988052,0.7341288,1.8567057
1.5264171,1.9551579,1.4677022,2.4448888
1.441046,1.8512166,1.1624572,2.3763146
1.566901,1.6500739,1.0742612,2.3275948
1.4081566,1.5525632,1.0393469,1.9546523
1.2630668,1.2931628,0.7352895,1.6611605
1.2599078,1.4185922,0.85456,2.047435
1.7094834,1.8394773,1.274763,2.384986
1.7959318,1.7308195,1.3112779,2.2654357
1.7593434,1.7640548,1.2014073,2.2875528
1.714783,1.5797374,1.00248,2.2788172
1.6843638,1.5169253,0.8494035,2.1935987
1.7736217,1.4061328,0.83889157,1.8851348
1.453085,1.3518163,0.953277,1.8061144
1.4009811,1.3138467,0.8691468,2.0595543
1.622746,1.7732148,1.2518152,2.2678053
2.090092,1.6943024,1.1901071,2.2488651
1.9528714,1.5706264,1.1024655,2.1048908
1.8108695,1.58686,1.1428132,2.1454535
1.7636223,1.5603069,1.0296144,2.0714493
1.4551153,1.3716286,0.7689015,1.9420351
1.2704881,1.3770326,0.628344,1.9546481
1.1984516,1.4875888,1.0270528,1.96575
1.6915694,1.9351355,1.3443444,2.4930544
1.5219922,1.6418586,1.1156768,2.113892
1.4690487,1.6600809,1.0323554,2.2442508
2.2151563,2.6201692,2.0984561,3.0286663
1.9794114,2.2846847,1.7091463,2.9904392
1.9005781,2.1149466,1.5343515,2.699031
1.7050498,1.8126622,1.4282435,2.213948
1.635195,1.555894,1.0888989,2.0179262
1.6102817,1.5487999,1.136558,2.0791366
1.7257216,2.2899325,1.6177561,2.784195
1.8575035,2.0785382,1.4852945,2.6023111
1.9509691,1.8909777,1.3019738,2.6033547
1.992856,1.7812645,1.0596309,2.4497857
1.9806659,1.8584219,1.390848,2.4014893
2.0565572,1.689637,1.099767,2.1530325
1.725294,1.4827467,0.97031385,1.96488
1.5764804,1.4847931,0.77043957,2.08694
1.5046049,2.1608799,1.6311138,2.6937325
1.7412038,1.9228958,1.4701391,2.4829583
1.9649774,1.5445008,1.0815395,2.0302024
1.5226324,1.5307914,1.0333395,2.0355773
1.4926031,1.6266812,0.91073734,2.1162374
0.83307266,1.0005062,0.4317271,1.5228467
1.4330413,1.6249642,1.1574477,2.187917
1.4289101,1.2249141,0.6140409,1.9263854
1.189059,1.2207451,0.7256362,1.7109858
2.045771,2.3818755,1.7264663,3.0947416
1.7044238,2.1716661,1.5796674,2.626086
1.5304615,1.8768215,1.3012345,2.4779427
1.3753499,1.7697443,1.0683969,2.2879095
1.5424125,1.2859758,0.68211627,1.9617854
1.2875199,1.3837396,0.8934295,1.7541392
2.8530645,2.3007581,1.8614962,2.696349
2.1789906,2.0654285,1.4936619,2.47659
1.4338324,1.9582762,1.3999959,2.5243244
1.6011693,1.7680316,1.2610147,2.4380531
1.643574,1.7940277,1.2666768,2.3498402
1.6501205,1.4467367,1.0071323,1.9510367
1.429468,1.3999503,0.71147716,1.8769363
1.2258357,1.3982134,0.7318272,1.9818459
1.1284068,2.0150058,1.4783916,2.492666
1.3760762,1.9608799,1.4171169,2.588245
1.4144907,1.8429203,1.1931251,2.4117658
1.4653004,1.9104089,1.3376681,2.445725
1.4513769,1.7406001,1.2238814,2.08976
1.2667735,1.4189253,0.9602028,2.0907102
1.1723866,1.5162953,0.99453634,2.2947116
1.1139294,1.551514,1.0996583,2.0888393
0.868674,1.3911602,1.0372746,1.8114544
2.0212722,2.4963877,2.0455914,2.8054874
1.5956626,2.2225468,1.7896917,2.6696975
1.6050767,2.0748682,1.6154838,2.3984551
0.97840536,1.3521537,0.7277465,1.9743267
2.289383,2.13364,1.5508138,2.5650835
1.4879586,1.957806,1.3775995,2.4353907
1.5513692,1.8025203,1.2798753,2.2920964
1.1756305,1.4343508,0.9295575,1.9764457
0.99435616,1.4844756,1.0626432,2.0131521
1.164666,1.5894014,1.0020416,2.0384436
1.0940974,1.180291,0.74632597,1.6152272
1.1067027,1.2938086,0.8144037,1.7932355
1.8036748,2.3734653,1.960404,2.8498483
1.5933839,2.2194357,1.7502195,2.7678182
1.752171,1.8789704,1.4015926,2.4881465
1.6281022,1.6799489,1.0308759,2.245018
1.503488,1.2727371,0.85838455,1.5748101
1.5085266,1.3056813,0.80081975,1.783892
2.7936583,1.798741,1.2595137,2.4408584
2.667291,2.4946196,1.9298087,2.9402497
2.205727,2.13656,1.7402318,2.6165879
1.9871175,1.8841413,1.2362449,2.4636145
1.7694478,1.8858411,1.0529296,2.514941
0.9631261,1.5846,1.1233907,1.9945518
1.3436333,1.3180891,0.75398725,1.8541552
1.1401851,1.2080517,0.42997974,1.8207117
1.1574023,1.1947083,0.5877039,1.8918432
1.5812247,2.106196,1.5136337,2.603789
1.4000893,1.9774399,1.2795312,2.6770701
1.6496499,1.6927649,1.1400471,2.343585
1.4740864,1.4541634,0.95144343,2.200133
1.2012011,1.2209092,0.66438967,1.7028921
1.2654569,1.2335153,0.7901803,1.7158569
2.4483652,1.4870682,0.9471339,2.0858834
2.590342,2.0379624,1.4045433,2.5645232
1.8362163,1.8721296,1.429969,2.314996
1.5368389,1.7682792,1.3065604,2.1934793
1.4069824,1.5917914,0.90947706,2.0861008
1.4530065,1.6233578,1.0926054,2.197553
1.5407989,1.4010953,0.9827529,1.7802656
1.2842417,1.2684596,0.6319447,1.8657662
1.2239097,1.2106569,0.62219787,1.682002
1.4657811,2.0354877,1.5858065,2.3931878
1.0992657,1.891686,1.494616,2.3717983
1.1852382,1.7480083,1.1413094,2.110164
1.1904012,1.6930479,1.1872866,2.2892098
1.3364882,1.8068349,1.436622,2.3204544
1.3453346,1.576552,1.1346897,2.0887697
1.2790442,1.4257885,1.0154473,1.8933493
1.1923702,1.3843019,0.8646485,1.9993945
1.1008854,1.4259866,1.0445728,1.8442377
3.1488376,3.4836972,2.9312038,3.9692943
2.581678,2.7903023,2.066138,3.4385214
2.4387393,2.8430018,2.2618766,3.354605
4.206282,4.2012906,3.487603,4.8386292
3.5493855,4.0182333,3.5376976,4.7108517
2.9225202,3.9767857,3.5716043,4.3591633
2.9502506,3.48563,2.9201524,4.060073
2.3305497,2.8802235,2.3356926,3.4046998
2.2705739,2.6601827,1.9685116,3.2683704
4.538493,3.4165726,2.9504232,4.085639
3.8223588,3.9140024,3.3582866,4.7538295
3.470253,3.553161,3.0758648,4.014135
3.0227108,3.2457798,2.8161185,3.8942695
2.670455,3.3285382,2.8074167,3.8270805
2.7646482,2.9386992,2.3318372,3.5875888
2.286983,2.342818,1.6678706,3.0289936
2.128858,2.2423475,1.6086469,2.8419843
2.5374417,3.5060666,2.8279593,4.2713485
2.4551752,3.2741125,2.7101386,3.9440172
2.5463707,3.0869033,2.6476948,3.683719
2.435583,3.0904324,2.2910218,3.8396964
2.4611661,3.2014644,2.5407817,3.728158
2.5209415,2.7710915,2.2702634,3.2258277
2.1431289,2.2349007,1.6667557,2.7812796
1.9353529,2.3343608,1.7952133,2.7757006
1.8789506,2.3100438,1.7909163,2.8866782
1.4073787,1.6041722,1.0840979,1.9456633
2.9558165,2.0071914,1.4401156,2.5006316
1.937823,1.822218,1.2034365,2.389243
3.2858555,1.4338287,0.9794619,1.8661318
1.5205535,1.8389987,1.2379138,2.3757722
1.3033926,1.6550388,1.1001312,2.2974272
1.4613372,1.6053692,1.1022995,2.1140218
1.6462473,1.4922835,1.0536551,1.9669276
1.0706987,1.695533,1.1279182,2.1340344
1.3494223,1.7762504,1.1592102,2.3565445
1.3279766,1.6362914,1.1400473,2.1846848
1.4608201,1.6235689,1.0054687,2.2678583
1.5328119,1.528847,1.0661013,2.0968347
1.298427,1.2315307,0.6853624,1.8020233
1.2417883,1.2718637,0.6121553,1.8823912
1.3239964,1.4128802,0.92245597,1.9218619
3.1652112,3.038025,2.516294,3.5367255
2.4599109,2.7959104,2.3123846,3.3990302
2.7465096,2.6524553,2.0419729,3.1222875
2.646603,2.2968886,1.8150846,2.7767136
2.1070323,1.9372629,1.0733047,2.72808
1.688688,1.8817875,1.3099928,2.4016993
3.2818117,2.2024457,1.5568444,2.6979651
2.5249507,2.7668638,2.2412047,3.2834532
1.9663405,2.4291794,1.9683402,2.9063082
1.9183125,2.3150644,1.8342417,2.8095927
2.3071258,2.1819487,1.6344557,2.7745655
2.213224,2.2311234,1.7140987,2.778158
2.297302,1.9724318,1.4563298,2.4401848
2.0144095,1.7348704,1.1735048,2.1185484
1.9252557,1.7231672,1.2043273,2.1730542
1.9319474,2.4689982,1.8067843,3.082959
1.7364573,2.199257,1.7616215,2.604045
1.7693739,1.9573696,1.5186784,2.5278726
1.8376114,2.0932915,1.5630549,2.654612
1.9744437,2.3248217,1.7279568,2.8876607
1.9099258,1.9606068,1.2914021,2.5498712
1.6852632,1.6893802,1.1093767,2.2721093
1.6292338,1.7426056,1.2061911,2.3502834
1.4933487,1.6150643,1.1036882,2.1063557
2.2475195,2.5091531,2.1201289,2.8919387
1.9395125,2.0773315,1.502234,2.6381536
1.790643,2.056058,1.5389307,2.545229
2.840438,3.0932605,2.7210133,3.6550407
2.4258995,2.902584,2.4019833,3.2664864
2.7348433,2.8193944,2.178741,3.394578
2.8375404,2.4769707,1.9368659,2.997543
2.210384,1.9636749,1.4961761,2.4083383
1.8021414,1.937141,1.3568345,2.4856477
2.0010684,2.5719914,2.0452635,2.906496
2.131944,2.306245,1.7326671,2.995492
2.3610914,2.292061,1.7789578,2.7385013
2.4349148,2.0466397,1.5586964,2.5140395
1.8687062,1.7877569,1.1595232,2.4445505
1.9492755,1.8546953,1.2584453,2.3322797
1.6853356,2.3165824,1.7910863,2.8630455
1.9829631,2.3969092,1.733625,2.9171686
2.0848403,2.028853,1.640271,2.433831
1.6694678,1.8705037,1.2653261,2.4464257
1.4786165,1.8062961,1.361003,2.2116356
1.4515952,1.8087496,1.2982987,2.315843
1.7531729,2.0440354,1.4982138,2.4611616
1.4213266,1.6781954,1.2849625,2.1323998
2.1259825,1.8885692,1.2919254,2.4997048
1.741674,1.5454541,1.04083,1.9328587
1.4940525,1.6299554,0.9743056,2.1076262
1.7959347,2.1426992,1.4824948,2.7785835
1.3893425,1.8152776,1.396023,2.45969
1.7467092,1.8774133,1.4826714,2.3594248
1.8736324,1.9100994,1.4836023,2.4384975
1.7683566,1.7236636,1.2796828,2.283996
1.4423678,1.4488674,0.9855543,1.9586381
1.5591612,1.4921767,1.0250194,2.0020308
1.3830246,1.8715179,1.3839691,2.3888364
2.5890872,2.4378653,1.855893,2.980733
3.9089782,3.7781582,3.1213894,4.376997
3.30533,3.516431,3.0873582,3.9559984
4.36489,3.113095,2.6813684,3.7917895
3.3840394,3.59787,3.03288,4.0249047
2.7259371,3.1851892,2.5200832,3.5887678
2.4473188,2.8313637,2.2718801,3.3761556
2.215713,2.1908684,1.618025,2.6415722
2.5036907,2.021209,1.4594761,2.559121
2.2036004,3.0497127,2.5341196,3.5169516
2.4917808,2.9672968,2.579869,3.3872821
2.684044,2.460155,2.0083272,2.9982386
2.1852565,2.1127877,1.6419828,2.6389203
1.8908843,2.0418093,1.5718989,2.4329028
1.8820314,2.2871728,1.7116592,2.7771564
2.0442219,2.952978,2.3304765,3.3885188
1.6310744,2.2931023,1.9300429,2.7306068
1.41809,2.2531095,1.737655,2.6587918
3.3487957,3.7309766,3.2653744,4.4024973
3.0954127,3.7010324,3.0720687,4.2427154
2.929462,3.2464352,2.686789,3.7345784
2.2615457,2.4339929,1.9021986,2.969196
1.5527811,2.3749325,1.9054401,2.8709283
3.272423,3.9322867,3.4830923,4.4092116
2.5179448,3.5664887,2.95215,4.24213
2.4803643,3.2284365,2.691503,3.7668183
2.8618164,3.142795,2.67232,3.5979822
3.3969831,2.9612625,2.2093089,3.6642704
3.3354483,2.3002558,1.7660897,2.8127337
3.3872252,2.1768548,1.6633347,2.6902335
4.3066525,3.6108959,3.051876,4.1920958
2.8157182,3.4015152,2.9450715,3.978193
2.3874292,3.0453143,2.5925002,3.4869986
2.4556828,3.0443375,2.644668,3.534831
2.6291618,3.294506,2.938693,3.8377354
2.4790928,2.903443,2.434918,3.56816
2.4828205,2.351027,1.9813446,2.8442788
3.2384233,2.3179765,1.8983847,2.7999718
2.302075,2.4076273,1.8903205,3.045017
2.5288982,3.524566,2.881738,4.0228887
1.5653973,2.66523,2.2134998,3.1603136
3.3119025,3.7142465,2.9445395,4.3265853
2.2860572,2.9270916,2.5766459,3.378031
1.6011146,2.850427,2.1389234,3.482558
3.473265,2.6404994,2.1634538,3.138235
3.232723,2.6420064,2.0821896,3.2702975
3.0240183,2.722831,2.2023888,3.3584776
2.0924506,2.8948708,2.4190724,3.4534867
1.8332992,2.1559637,1.3986455,2.912125
1.7550552,2.2726414,1.7524409,2.9119706
3.3888667,3.7411363,3.0824091,4.327505
3.2042387,3.620954,3.0340028,4.21764
3.2644732,3.2785637,2.597426,3.780094
2.8335931,3.4226391,2.6955879,4.1298103
2.4528348,2.9122295,2.2226958,3.622134
2.084564,2.2656355,1.8525656,2.6564662
1.8069985,2.2068706,1.6351067,2.7572272
3.4289944,3.6710827,3.0234222,4.2142415
2.9106908,3.341779,2.884005,4.055237
2.5496361,3.1336398,2.6219802,3.6871169
2.7727892,2.9009411,2.4044652,3.4632063
3.4384208,2.6535354,2.2071927,2.9819932
2.870146,2.1706192,1.6542406,3.0419161
2.1082299,2.085276,1.5077251,2.5983474
2.7393441,3.2483654,2.5777178,3.8432214
2.408971,3.010889,2.5013466,3.5331843
2.7539442,3.1290426,2.420089,3.7259142
2.8365366,2.2834806,1.7123169,2.782742
3.138971,2.198827,1.6502526,2.6359265
2.3404582,3.2124062,2.8833625,3.6284368
1.5390897,2.4613075,1.8382672,3.130853
1.115588,2.28246,1.589089,2.9629412
4.281919,4.3789177,3.7892013,4.8305225
4.089861,4.2072144,3.6561506,4.669843
3.4388082,3.8738987,3.4276443,4.359539
2.7249594,3.5329819,2.8109097,3.9742186
1.7544578,2.4973896,2.0930374,2.8442006
0.83694136,2.5079954,1.9802835,3.0935707
4.393651,4.500427,3.9911811,5.0283012
3.6091936,4.031385,3.562503,4.7806764
3.1848335,3.762145,3.3247855,4.223916
3.4096432,3.7553375,3.0563896,4.4384503
3.3252678,2.4253707,1.8339542,2.9614701
1.5127245,2.5186706,1.7218843,3.090092
4.1425753,4.2617974,3.8141782,4.8967633
3.622524,3.8779354,3.445255,4.316657
3.1475217,3.7186484,3.214075,4.2136536
3.219804,3.7171369,3.3004158,4.1318507
3.5420654,3.834457,3.0634687,4.338984
3.5574832,3.4848254,3.0645342,3.9478936
3.403518,2.7594845,2.329016,3.277918
3.0563533,2.618518,2.2267733,3.0802228
3.079385,3.502925,2.9278579,4.12337
3.361422,2.5827036,1.8927817,3.0830219
1.5981737,1.6863865,1.259338,2.0680947
1.3614988,1.7538698,1.2946286,2.2406383
2.1096501,2.4312418,1.9875089,2.9962013
2.7524824,3.1571996,2.6682804,3.616172
2.5992148,3.048888,2.2563171,3.624374
2.7280335,2.7472444,2.221875,3.3762724
2.2795513,2.3516324,1.9681762,2.8612256
2.6383126,2.9130738,2.3651366,3.4416292
2.4681034,2.6287467,2.0022938,3.2418783
2.4565477,2.357085,1.5420192,2.8906689
2.6585703,2.2524807,1.7012075,2.8139045
2.6116292,2.2908983,1.8651268,2.9544148
2.1143343,1.6859398,1.1712041,2.2817621
1.8274016,1.6219008,1.1287172,2.1988802
1.7075588,2.4114265,1.8783809,2.707362
2.059561,1.8928918,1.4866245,2.4530225
1.3680314,1.7121589,1.2200608,2.177206
2.1715596,2.3732557,1.7721057,2.9905486
1.6423765,1.8800699,1.375256,2.4096143
1.5365185,1.9008955,1.4804287,2.3711905
2.310779,2.898135,2.0965085,3.5194054
2.4429023,2.8577461,2.4364624,3.3802366
2.216168,2.3847046,1.7239058,2.9365141
1.9076934,1.8007821,1.2185924,2.3242602
1.6334151,1.8837732,1.2998526,2.4822721
4.114791,2.4710243,1.782562,3.125353
2.878277,3.0305936,2.5219407,3.406256
2.3863735,2.7034595,2.2342832,3.138234
2.4540784,2.4879217,1.9229854,3.0580802
2.5176497,2.3947651,1.9796877,2.862828
2.4758554,2.4998426,1.9957972,3.041734
2.5480433,2.1718135,1.5994769,2.703096
2.3713171,1.9027233,1.5015951,2.2887986
2.0663157,1.9608148,1.5395823,2.4321816
3.491698,2.9266064,2.4318192,3.3536372
2.042506,2.7508328,2.2386868,3.3154926
2.2341616,2.4439158,2.0383546,2.911899
2.32012,2.4316776,1.9362872,2.823411
2.4111311,2.478127,2.1180701,2.9898334
2.4202912,2.3143766,1.78995,2.918878
2.197209,1.9595608,1.4715083,2.313685
2.0611699,1.8901775,1.4893535,2.269824
2.077846,1.8345692,1.2263842,2.406413
2.2462516,2.1313548,1.773791,2.612654
2.8987331,2.8162537,2.3209136,3.2988007
2.3099258,2.5992506,2.025934,3.0635014
1.9485548,2.1648288,1.5817032,2.6626065
1.6996185,1.7141305,1.2593598,2.1582737
1.4964525,1.6041933,1.0869609,2.005879
2.111631,2.4371126,1.9977374,2.9212294
1.8937336,2.195823,1.7511699,2.697079
1.9673741,1.9404194,1.4068729,2.3624372
1.9024806,1.9527946,1.3623409,2.5225127
1.94698,1.9577911,1.3706102,2.614144
1.6747433,1.5144085,1.022362,1.9923557
1.3793193,1.5860609,1.0332366,2.168959
1.1507777,1.658144,1.0329986,2.1119604
1.9773427,2.118725,1.6634452,2.5032892
1.5876698,1.6802862,1.1816047,2.3395193
1.4260828,1.690874,1.1762866,2.2239904
2.8529809,2.9351327,2.30967,3.4563036
2.2160258,2.7365258,2.2651846,3.3774824
1.8574474,2.223879,1.7848531,2.872256
2.7939184,2.8235044,2.3418863,3.3645558
2.0357533,2.452586,1.9284961,3.0272443
2.091547,2.3133214,1.8209627,2.7380254
2.131316,2.166692,1.808672,2.6017342
1.7612331,2.4258668,1.96531,2.9095821
1.7150127,2.1339831,1.6209075,2.7701917
1.7424865,2.2420444,1.5062675,2.9542863
3.4039261,3.487875,2.829861,3.9665136
2.5604854,2.7661366,2.1589262,3.4079938
2.1755292,2.7103453,2.3827043,3.0354462
4.158234,4.008656,3.4233153,4.7458816
3.2632291,3.909297,3.28495,4.4731636
3.6210282,3.5280619,3.0718746,4.0738983
2.4809754,2.866373,2.2626536,3.4184852
2.3216782,2.6539514,2.0657284,3.2207825
3.5975852,3.4694283,3.0120146,3.9275703
3.0842323,2.6445372,2.1990085,3.1632876
2.6361454,2.6480622,2.211579,3.0501688
3.4275947,3.4948728,2.911027,3.9314606
2.6657047,2.6652677,2.088111,3.163204
2.4333088,2.497056,2.077652,3.0183592
2.6281018,3.2224147,2.7477107,3.9065127
2.3378248,2.4775836,1.970348,2.8012278
2.2395017,2.5961504,1.796595,3.0748997
4.1830087,4.098271,3.5128372,4.6211033
3.728694,3.867752,3.4575934,4.4248734
3.588858,3.762963,3.2007957,4.1974406
3.5632463,3.8208933,3.2620838,4.343057
3.2069602,3.235401,2.7974694,3.7502797
2.4620626,2.4940815,2.000967,3.02588
2.3393312,2.4741933,2.0352232,3.0394387
3.7082758,3.6963475,3.1820345,4.2577477
2.3019764,3.4467843,3.0036385,3.9053988
2.6214092,3.161174,2.4667182,3.6657546
3.1574101,2.99951,2.5706062,3.3719616
3.357375,2.854626,2.363827,3.2723937
2.546132,2.3717227,1.8046892,3.0639572
2.422905,2.154474,1.6170337,2.6557364
2.170093,3.316507,2.749344,3.7263436
2.3973672,3.0487783,2.608893,3.37078
2.5552986,3.1354635,2.6922698,3.5681772
2.7342668,2.7519398,2.1991494,3.2129443
2.284765,2.3381968,1.8494054,2.8073664
2.223341,2.194889,1.3780112,2.8820112
2.1076024,2.3166263,1.8481348,2.851731
2.6165645,3.2788591,2.8678348,3.7519057
2.1639636,2.6566854,2.1400862,3.1148493
2.0591898,2.5077035,1.9065254,2.901301
4.0785236,4.0910935,3.4846277,4.757352
3.7381516,3.8430882,3.282867,4.280285
3.5901206,3.85509,3.259083,4.5141635
3.3439825,3.3149166,2.986439,3.7078507
2.353407,2.5801911,1.8247318,3.3017895
2.1693757,2.5542834,2.001347,3.0030003
4.5585985,3.3639526,2.859374,3.7962213
3.8168113,3.8210344,2.990589,4.5432835
2.2182286,3.5427666,3.2291746,3.83786
2.6682937,3.3580103,2.944751,3.8922424
3.3141541,3.1991098,2.4307148,3.9119806
3.1591702,2.8763776,2.1148367,3.4865344
2.4672081,2.3248293,1.8206381,3.0237305
2.3037567,2.2518954,1.861098,2.6881013
3.8257692,3.531082,2.913462,4.154687
2.1195562,3.3488793,2.8925974,3.9588103
2.2993999,3.0066657,2.4965308,3.6856728
2.6566482,3.0968163,2.739572,3.4617794
2.5276873,3.2323725,2.766077,3.7528946
2.6418197,2.9294024,2.392806,3.3830063
2.560075,2.2481658,1.6610588,2.6995113
1.9755048,2.1534774,1.6988559,2.732599
1.9374506,2.4167829,1.9532442,3.2073746
3.0556324,3.2958026,2.8642995,3.7123864
2.42387,2.8258615,2.268487,3.3492725
2.2998402,2.684246,2.222879,3.1117547
3.874398,4.14207,3.7261186,4.535878
3.4807925,3.8192592,3.3616648,4.2842937
3.5573616,3.752425,3.2656155,4.303321
3.6821413,3.8290699,3.2740064,4.3518314
3.548844,3.374699,2.8717024,3.9873273
2.5484197,2.794707,2.27938,3.278682
2.554511,2.768543,2.2644372,3.2412696
4.534952,3.4032795,2.7386878,4.0398164
3.3434246,3.8013294,3.315065,4.2986097
2.4023912,3.644996,3.1380584,4.027608
2.744226,3.2666833,2.5816457,3.9473324
3.4656224,3.1376038,2.583848,3.7566035
3.6451104,3.366108,2.9059281,3.8296094
2.9160044,2.4068851,1.6467495,3.0022829
2.8240347,2.4373953,1.8124816,3.081766
3.8592947,3.4843674,2.55237,3.9945433
2.0898976,3.2761855,2.8000126,3.7876863
2.53038,3.1325195,2.6187768,3.6457899
2.9297223,3.1925735,2.7835536,3.591898
2.9248714,3.2720773,2.7389054,3.8113506
3.0463588,2.9524755,2.3263671,3.5311742
2.623333,2.5320654,2.0059533,3.0160685
2.33088,2.4323997,2.0495238,2.9627054
2.1712582,2.5996785,2.1766999,3.0757937
2.7040212,2.7132676,2.2479475,3.201753
2.5019016,2.9024508,2.343118,3.3013875
2.1608822,2.4293404,1.8095068,3.0444722
1.9933927,2.3182032,1.7591871,2.9782813
3.331243,3.7682762,3.2972004,4.290429
3.236784,3.4762764,2.905623,3.9999208
3.130015,3.2483435,2.8022242,3.7345312
3.2750766,3.4026985,2.7609506,4.054704
2.99865,2.878411,2.3489718,3.4878058
2.1971614,2.4681525,1.7607443,3.1973639
2.1056037,2.3679621,1.8593798,2.7939405
3.1187847,3.6072335,3.1355352,4.1379123
2.133258,3.2328384,2.7009943,3.7347324
2.5457232,2.9473026,2.2685065,3.4551468
3.1305044,2.836223,2.3939161,3.2797472
3.3848414,3.1058888,2.6555238,3.5821023
3.4070852,2.6216977,1.9727727,3.0949662
2.754787,2.1283915,1.626122,2.7637277
2.4433608,2.1275847,1.4212598,2.6386597
1.8270955,2.9730065,2.4410079,3.475482
2.4009852,2.8486233,2.3133616,3.4376137
2.954545,2.8357916,2.267912,3.3466308
2.8212042,3.127928,2.7973511,3.6175058
2.8202922,2.733936,2.0263844,3.2448323
2.6669207,2.315875,1.9426423,2.833169
2.6495407,2.3137567,1.618684,2.9117787
2.2319849,2.3530335,1.925964,2.8069606
2.7221067,3.4328856,2.9538102,3.9784832
2.5861914,2.8025098,2.378921,3.2258885
2.1498315,2.5754423,2.0476139,3.1684241
3.2470605,2.6349125,2.2326896,3.1967764
3.0417995,2.5486176,1.987711,3.190426
3.2568302,3.5176077,2.8193462,4.2064805
2.687861,2.5408664,1.9398756,2.993057
2.496387,2.8681655,2.3359396,3.2898557
2.1893675,2.2990963,1.8274202,3.0256827
2.0024133,2.3060133,1.6997329,2.7087426
3.478569,4.0646067,3.4938676,4.5238934
3.615979,3.808348,3.395735,4.3337803
3.6094255,3.5644088,2.8612578,4.1378317
2.6394627,3.6683402,3.2317798,4.1200767
2.5832818,3.1707115,2.5891292,3.706405
2.056518,2.321186,1.8063246,2.7078097
1.8231021,2.3303764,1.8613163,2.7816339
4.510775,3.560299,2.875969,4.2929726
3.905758,3.975323,3.5192142,4.429353
3.3568747,3.6543005,2.8510015,4.2070503
3.360165,3.2049286,2.7567368,3.634764
3.9554968,3.1951191,2.6476688,3.7591527
2.960836,3.2028167,2.7421582,3.8681207
3.3093376,2.8195448,2.3722613,3.3781862
2.398439,2.0772095,1.4819127,2.5710595
1.8037632,2.1650348,1.602186,2.8244684
2.3944561,3.7681897,3.2216177,4.363741
2.0923183,3.581895,3.0477538,4.187113
2.3201923,3.200236,2.739833,3.7629805
4.0391545,3.225353,2.647377,3.7804143
3.7875214,3.282397,2.7214823,3.8145168
3.1721585,2.926176,2.2979565,3.477803
2.558387,2.2509093,1.5913055,2.6539779
2.1471672,2.4132228,1.9532315,2.9623141
1.8123294,2.2156212,1.6947455,2.7834172
2.739971,3.123817,2.7095463,3.594735
2.5189505,2.6100986,2.0566874,3.0479755
2.320514,2.505478,2.0709767,2.9619122
4.191729,3.8953846,3.372506,4.4781666
3.5788324,3.7342398,3.048784,4.3840437
2.91848,3.6078525,3.009682,4.3800116
2.863397,3.1808906,2.7418697,3.7960775
2.6189651,2.5851855,2.0198915,3.1744838
2.6211083,2.6367862,2.1583276,2.9878397
4.5033274,3.3496633,2.7772279,3.83819
4.017166,3.8188572,3.369725,4.229941
2.9889796,3.3619697,2.8837786,3.8150332
2.2549403,3.074877,2.5134692,3.4801934
2.3945322,3.010585,2.5995836,3.5244205
3.3765244,2.8170075,2.3358853,3.2617588
3.3173125,2.364938,1.8675934,2.845462
2.5985677,2.2067358,1.7476587,2.726174
4.4483047,3.384959,2.996052,3.7908542
3.0461805,3.1409817,2.525854,3.805974
2.5510445,2.9543343,2.3705382,3.411529
2.1807365,3.0105577,2.4279482,3.6770713
2.6906085,3.1652412,2.6738002,3.607969
3.0507765,2.8640683,2.22627,3.4713159
3.2732186,2.3622992,1.7499781,2.8677564
2.5833294,2.360054,1.8250533,3.012045
1.9737914,2.2910457,1.4739382,3.1727514
2.58048,3.1965153,2.7355313,3.828957
2.475771,2.6392095,2.2039375,3.1752336
2.2783275,2.5064917,1.877479,3.2549372
3.9153867,3.6688738,3.214936,4.1075363
2.9884982,3.4461377,2.9382653,4.06005
2.8982494,3.2656164,2.7899354,3.811382
2.5779934,3.512839,2.860316,3.954992
2.5875294,3.0816102,2.487137,3.7422225
4.618626,2.9720569,2.3749208,3.5311375
3.9642332,3.5321603,3.0405798,3.9686282
2.7065296,3.1969306,2.639653,3.6720936
2.1943126,2.8896062,2.3940787,3.3584006
2.146383,2.8471363,2.1957116,3.2754362
2.4981575,2.9889438,2.562915,3.6188328
2.8537385,2.2843933,1.8245314,2.843061
2.4476726,2.2773995,1.7541355,3.0065737
2.4205751,2.9881248,2.4162133,3.5273814
2.2098732,2.8250694,2.2765257,3.229965
2.073443,2.7002566,2.2233953,3.2768192
2.3274572,2.982793,2.580106,3.4480894
2.7612438,2.8129811,2.302364,3.3920972
2.9773645,2.3521943,1.8305053,3.2414248
2.4201603,2.2670012,1.818945,2.649674
2.035672,2.3313496,1.7417753,2.838875
3.492553,3.4826539,2.9075053,4.18582
3.3801563,3.180966,2.7041833,3.6960545
3.6039295,3.0355666,2.6312592,3.5064332
3.7986507,3.8208003,3.302648,4.2646956
3.0653436,3.5825934,3.1423652,4.1612415
3.1294718,3.1429346,2.701067,3.860362
2.8503313,2.9920847,2.5311718,3.5239446
4.3298535,3.3460495,2.8777215,3.8356075
3.2407875,3.73907,3.112932,4.3341694
2.447833,3.3129163,2.8384595,4.0018945
2.9541533,3.2465682,2.7213628,3.5943515
2.928253,3.1688216,2.6023057,3.7748342
2.8692434,3.0122006,2.2690253,3.5657833
2.6077394,2.6087964,2.1524844,3.2274196
2.3980987,3.1919875,2.7065885,3.814448
2.0385392,3.1404312,2.520991,3.5694559
2.2263665,2.6188443,2.1821249,3.0504365
2.4181285,2.9359477,2.4212387,3.6185756
2.5052342,3.1351147,2.6817896,3.6600728
2.5840495,2.818287,2.335764,3.3828204
2.52283,2.5290031,2.1039033,3.0780373
2.3001862,2.430317,1.8913289,2.9471123
2.1739511,2.5143342,1.8121536,3.225757
3.330653,3.3850188,2.9140594,3.9243932
3.5294712,3.019666,2.6471226,3.54705
3.5637338,3.0227365,2.5370286,3.496713
3.9061623,3.7748456,3.4322119,4.247373
3.4294145,3.6297784,3.1497514,4.079659
2.6535122,3.700481,3.1025145,4.3242664
2.9812553,3.4319398,2.9967384,3.9172451
3.2194853,3.0419168,2.619315,3.5369081
2.7204876,2.7526708,2.2387857,3.2873461
3.789022,3.0387714,2.4142423,3.5635326
2.57422,3.3914824,2.8399205,4.0257587
2.1360533,3.109406,2.602065,3.6141036
2.4738212,2.825566,2.2108853,3.5639117
2.9016325,2.7984343,2.2676613,3.1972508
2.7268794,2.779152,2.248451,3.2618976
2.689681,2.4367197,1.936053,2.9663417
2.465994,2.414144,1.9509895,3.0284467
3.2956705,3.1552315,2.6225283,3.808175
1.8980167,2.9223526,2.3658388,3.4267108
2.0739722,2.582575,2.0918736,3.0961967
2.261604,2.6414793,1.975139,3.0446057
2.4919896,2.9408252,2.3863077,3.4812634
2.714114,2.548647,2.0390801,2.9307554
2.7516541,2.2225318,1.6590542,2.7381334
2.5080311,2.2993762,1.9284294,2.723884
2.1883013,3.1537335,2.5510163,3.5610902
2.71783,2.807993,2.3359585,3.4332454
2.6254282,2.3333447,1.7645243,2.8926399
2.4827938,2.3401759,1.8672599,2.8708906
3.0510695,2.7222116,2.28608,3.176923
2.4124222,2.6082325,2.1001222,3.0536177
2.3833938,2.203555,1.7605766,2.6396785
2.1469238,2.1981804,1.625989,2.645873
1.5099757,2.2806542,1.764022,2.746657
2.0171044,1.8697333,1.2971463,2.2513318
2.1263123,1.9544789,1.4909605,2.4715588
1.9954071,2.4137619,1.9245815,2.8880372
2.1692312,2.0438526,1.4133097,2.5706222
2.2111278,1.8859332,1.0903468,2.577771
2.1484299,1.8322573,1.3295867,2.2804365
2.0575402,1.9048098,1.3717698,2.47364
1.8256803,2.485344,1.9321429,3.071891
1.7926356,1.903635,1.2316396,2.3765085
1.9734336,1.9658724,1.4720775,2.5657592
3.322193,3.182357,2.5215683,3.7333562
2.300944,2.8969626,2.243153,3.4563642
1.8489876,2.8374372,2.2705786,3.4385424
1.7149463,2.3857079,1.8469901,3.0347357
1.8032299,1.7883735,1.2525911,2.3213
1.8598912,1.8023579,1.2163336,2.2815113
2.056642,2.77215,2.154029,3.4130247
2.0407112,2.47035,1.8640251,2.9836676
2.0669477,2.3002167,1.7914566,2.8399053
1.9062855,1.6819854,1.1854011,2.2607937
1.9646468,1.7172683,1.3004786,2.263106
2.3057837,2.666759,1.9515555,3.3253376
2.0317492,2.5088482,2.0866003,3.1489117
2.1845737,2.1953416,1.6238526,2.7346492
2.2566762,2.438119,1.9760051,2.9410095
2.1229327,2.3124259,1.6989444,2.804673
1.9824471,1.8107584,1.3656367,2.2994504
1.9873992,1.8516961,1.2645674,2.366208
1.8256803,2.282568,1.7362782,2.8279424
1.7926356,1.8728657,1.2194616,2.4378462
1.9734336,1.8383237,1.3023814,2.2584398
3.322193,3.0563538,2.6093094,3.5890045
2.300944,2.806959,2.316363,3.243836
1.8489876,2.6478658,2.082448,3.1092768
1.7149463,2.2299182,1.7477801,2.733244
1.8032299,1.7213271,0.98645025,2.2263381
1.8598912,1.7515737,0.9554646,2.3571734
1.9801726,2.5152173,1.8097184,3.100299
2.0203488,2.3988535,1.9287775,2.8863857
2.0637703,2.2518022,1.6753187,2.8795447
1.9062855,1.6272849,1.1347297,2.2021282
1.9646468,1.6712317,1.2938534,2.1383598
2.1610112,2.16938,1.5669734,2.716873
2.1927028,2.3043807,1.7948409,2.8165407
2.0235596,2.0808866,1.4806857,2.6728616
1.9830735,1.7877711,1.2156774,2.3559818
1.960063,1.7607983,1.3486782,2.1535451
2.3535407,3.1736147,2.6575804,3.7017932
2.0692613,2.8637326,2.318742,3.353849
2.0127106,2.3302066,1.7935231,3.0516248
2.0004518,2.4340515,1.8149767,2.9485505
1.8033556,1.9724886,1.509933,2.5837996
1.9381386,2.013434,1.395183,2.528723
3.6174908,3.2123692,2.7272947,3.7269294
2.6284752,2.911279,2.292297,3.4857876
1.8045694,2.4494672,1.9377924,3.089043
1.8908485,2.0744362,1.5987056,2.559711
1.9535898,1.9066607,1.3685625,2.4931004
2.1064317,3.0145826,2.537931,3.6397955
2.0920787,2.6109986,2.019355,3.0476592
2.0899346,2.3537965,1.8117948,3.054437
2.152935,2.3504868,1.9699962,2.690707
2.1137764,2.407871,1.8800371,3.0048811
2.0037298,1.8988284,1.3484055,2.2307465
2.115818,1.8839512,1.3955415,2.2837353
2.4159274,2.4986594,1.9458843,2.9456797
2.2167475,2.4672863,1.8934419,2.985961
2.2372203,2.382386,1.9607921,3.0011442
2.3835573,2.648168,2.1146822,3.1604671
2.1240528,2.1773398,1.5583826,2.6376686
1.9556779,1.8707888,1.3407843,2.446482
2.0201778,1.9342217,1.2869756,2.5180693
2.077196,1.9174373,1.409412,2.3093672
1.6029694,1.941019,1.3371766,2.551066
1.7051548,1.8042808,1.2252955,2.3272552
1.6081158,2.322046,1.8209679,2.8017547
1.6358383,1.7947103,1.1845039,2.4423096
1.7173891,1.7400284,1.293504,2.2245474
2.1464133,2.799338,2.1468055,3.3589315
2.0808594,2.5986252,1.9687219,3.1420698
2.0510216,2.3394797,1.7394823,2.8472166
2.0720778,2.1683462,1.766337,2.842353
1.7374728,1.6661732,1.3006958,2.2707145
1.8417889,1.7410461,1.3347392,2.29895
2.314966,2.4704177,2.0489843,2.9708738
2.2759683,2.3051848,1.5242795,2.9418142
1.7852316,1.8032995,1.1677411,2.2815375
1.8654001,1.714768,1.1675234,2.2079427
2.299078,2.7737935,2.2679532,3.2915173
1.932857,2.0681264,1.3473542,2.4788194
2.3758714,2.2543445,1.6150601,2.7665477
2.8510416,3.5174654,2.9417064,3.9315484
2.910141,3.2615964,2.7319145,3.893133
2.150442,3.1777472,2.6866748,3.8789074
1.8128194,2.618019,1.7741284,3.2402594
1.7745743,2.072255,1.545802,2.57414
1.7954227,2.048235,1.2937994,2.501087
2.4058733,3.2064269,2.7946756,3.676653
2.2868385,2.7526264,2.208604,3.2401037
2.168844,2.5080287,1.922099,3.0554714
2.0602775,2.621569,2.062035,3.0525591
1.8680515,1.7445575,1.220693,2.2512996
1.9090581,1.7361453,1.2136348,2.1837103
2.1548762,2.7231688,1.9723518,3.3956463
2.4753475,2.577288,1.9646254,3.0985832
2.443185,2.5232937,1.9975739,3.0073047
2.4048274,2.4707663,2.076624,2.9198015
2.3376076,2.2154727,1.7887833,2.854328
1.8082231,1.8276837,1.190547,2.291005
1.8178039,1.9030524,1.409125,2.2843843
1.942905,1.8943361,1.4546248,2.4450903
2.0352783,1.8437877,1.2825685,2.3423848
1.9723629,2.3578737,1.8599559,2.9677186
1.8981153,1.774783,1.2370622,2.375828
1.839012,1.8453051,1.3492966,2.274502
2.1909184,2.3443367,1.9650742,2.735128
2.072168,1.7565799,1.1992608,2.4090607
1.9146749,1.743167,1.2258095,2.4375317
2.335428,2.3867261,1.8457714,2.9291253
2.2268329,2.2190056,1.5994483,2.7559807
2.1166434,2.0483563,1.3416797,2.6514506
1.8841166,1.8164349,1.2914118,2.374299
1.9228983,1.7728484,1.3169519,2.2686367
2.5009995,2.4474764,2.027363,2.823157
1.8911369,2.136426,1.7204704,2.5575137
1.9588141,1.9886606,1.4762365,2.573289
2.984697,3.1709583,2.6746948,3.6661186
2.32651,2.9872048,2.4236095,3.45507
2.1096416,2.4748971,1.9689583,3.0032156
1.9485424,1.9112554,1.2869802,2.542234
1.8194618,1.8644086,1.3495523,2.4337943
2.266602,2.9044821,2.434071,3.4248848
2.091668,2.5207133,1.9051949,2.947898
2.1508436,2.2455308,1.7278346,2.7757494
2.139596,2.2732937,1.5232226,2.8631299
1.972742,1.7140436,1.2607988,2.2992914
1.7753584,1.6857448,1.2038336,2.3252954
1.8845344,2.3462043,1.795418,2.9518542
2.1261528,2.2809525,1.8074611,2.9571288
2.253743,2.298813,1.8879597,2.7929537
2.243826,2.0899277,1.47024,2.5495872
1.7719877,1.6890341,1.0211155,2.1814015
1.667953,1.7427088,1.0877988,2.3175786
1.5398251,1.6282219,0.9966943,2.1549847
2.6297207,2.3508399,1.7558944,2.9029737
2.1641731,2.6761992,2.2504485,3.2717345
2.147626,2.7586846,2.1333654,3.3109918
2.5875096,2.0575094,1.6214483,2.3886063
2.302183,2.1808074,1.5823786,2.7087455
2.5099435,2.6483116,2.1875489,3.1592152
2.2841058,2.4212387,1.8806213,3.028288
2.2788305,2.53307,1.963137,2.9870648
2.4270768,2.7404857,2.3095605,3.3600404
2.5642922,2.3744447,1.759846,2.8303432
2.8173113,2.1570408,1.5508574,2.6911166
2.2712264,2.203327,1.582519,2.7807205
2.3669286,2.2892778,1.6028557,2.7159848
3.0547318,2.8571332,2.195388,3.2436478
2.1327298,2.3180685,1.6738013,2.8818264
2.100977,2.2857654,1.8005694,2.8825302
2.04776,3.3016522,2.8821783,3.7258167
2.0724502,2.8273315,2.3244872,3.402872
2.0577219,2.223357,1.7984934,2.6380627
1.9680381,2.224697,1.6936073,2.7483075
3.2965775,3.3094678,2.673814,3.8555152
2.3936079,3.0458462,2.548108,3.5690062
2.2565622,2.7575583,2.0157542,3.247683
2.2453666,2.6943498,2.2060506,3.242064
1.9696628,1.8159633,1.1157577,2.4056578
1.9876609,1.8406085,1.2697071,2.402218
2.7346199,2.7370136,2.334158,3.1231143
2.3314004,2.3998442,1.9504234,2.8987508
2.0292633,2.7139826,2.3534017,3.177588
2.298115,2.2411926,1.7757342,2.9126384
1.8842621,1.8228652,0.9711568,2.3035254
1.9387637,1.9311018,1.2851307,2.4672043
2.4780288,3.3508186,2.7373312,3.9039073
4.4149203,4.226794,3.7644627,4.6500664
3.9100795,4.0084023,3.568133,4.518817
4.02874,3.9654903,3.5031319,4.442085
3.9878983,3.5473142,3.0168414,3.963232
2.0340278,3.3378205,2.712416,3.9072514
2.474942,3.2767603,2.67348,3.7862084
3.0445657,3.6620336,3.068369,4.2177343
2.0492966,3.2504594,2.8278024,3.7055802
1.9830866,3.1464653,2.7067306,3.7625496
1.969413,3.1075623,2.6652746,3.5645945
2.0697713,3.3096669,2.767076,3.899561
2.2557504,2.8844674,2.3364928,3.475331
3.2085643,3.5955594,3.1574724,3.9532194
2.141988,2.7707305,2.3755367,3.4167178
4.299284,4.3969183,3.8092337,5.0629168
4.110862,4.194747,3.7413073,4.911556
4.4858265,4.0014887,3.4319196,4.6958985
4.2872095,3.977658,3.512084,4.4012127
2.125774,2.7738202,2.2668028,3.3390088
4.5661364,3.7046072,3.1674397,4.1746
4.3184776,4.2347994,3.6337585,4.771088
3.3636029,3.929447,3.4203818,4.4865193
2.8084104,3.6640162,3.08701,4.320428
3.260794,3.4447136,3.0272505,3.9748254
3.852759,3.5414474,3.0612545,3.964468
3.32891,2.4709973,1.9590695,2.9879675
2.2261133,2.3425877,1.8883098,2.7705991
3.7507446,3.88187,3.4246714,4.3984823
2.5568466,3.7150154,3.1517336,4.367503
2.5551414,3.499869,2.963522,4.228663
2.5366259,3.4073803,3.000926,3.95947
2.4162862,3.6089966,3.3175776,4.145291
2.4411514,3.0273602,2.552645,3.5654614
2.2619786,2.596965,2.1279714,3.1108284
2.3117952,2.5351546,1.9363081,3.0976124
3.8166294,3.7356763,3.1430576,4.3084655
2.4563706,2.9845417,2.5080862,3.326087
2.1831222,2.9051456,2.2580817,3.5997262
4.4461174,4.3643136,3.8149724,4.9107857
4.07484,4.104019,3.5480797,4.7551827
4.3466015,4.1320825,3.3734236,4.53829
3.6647348,3.6618278,3.2164023,4.2260957
2.3841007,3.0271144,2.4184003,3.8286085
2.0193446,2.9361432,2.5306804,3.418043
3.717926,4.049637,3.351161,4.677484
2.8304431,3.697924,3.1521876,4.25262
2.6487916,3.5088792,2.9999218,3.9726613
2.8549078,3.48719,2.9658074,3.931313
3.596573,3.510989,2.840483,4.0803404
3.4343054,2.616774,2.017971,3.3105962
2.107269,2.4771423,2.0661666,2.9453847
2.0429437,3.4888918,2.9089468,4.016659
2.3762999,3.169309,2.5813355,3.62529
2.4762962,3.2520332,2.6910694,3.7437959
2.5555024,3.513401,3.0421433,4.203022
2.7314892,3.0405874,2.4328272,3.674216
2.7368267,2.4968529,1.8981704,3.0357032
2.3281329,2.4493926,1.9139864,2.916959
2.0979202,2.5714953,2.0654004,3.204435
3.4155912,3.3051665,2.75937,3.8305807
1.9335878,2.7156198,2.2455487,3.3607383
1.9486804,2.5974538,1.985339,3.1711946
4.245276,4.0832086,3.6916716,4.71395
3.8315663,3.8945959,3.3773866,4.4045386
4.186181,3.6649792,3.1494482,4.194904
4.3840837,3.7052975,3.0681734,4.3021545
4.154961,3.398662,2.8094707,3.9042027
1.9740261,2.7450573,2.3113804,3.413227
1.6547902,2.6711037,1.97037,3.1574006
4.3305244,3.232794,2.7106233,3.720015
3.2519906,3.7114189,3.2525928,4.3475146
1.8264225,3.338542,2.7879827,3.8528419
1.9551067,3.1699095,2.7197657,3.645725
2.615903,3.050518,2.5349183,3.5672836
3.8978217,3.294329,2.8010604,3.804007
3.4409058,2.7577062,2.1481514,3.4905534
2.5243697,2.2844045,1.6983845,2.782613
1.7901424,2.193754,1.7918912,2.6326861
2.3958592,3.3431792,2.7841597,3.804441
1.7252223,3.0497293,2.5324998,3.5384033
1.7665714,2.8259275,2.338448,3.2628877
1.7957556,2.9106216,2.4121723,3.4934714
1.9734596,3.1160443,2.570357,3.6818986
1.7800115,2.7879236,2.241283,3.3457267
2.3131938,2.3160703,1.8834367,2.7282982
2.0518117,2.2329516,1.6235272,2.8424573
1.9766374,2.2933598,1.8799403,2.826578
3.3885014,3.3237166,2.656577,3.9675694
1.8612838,2.6614163,2.1981957,3.1721582
4.245276,4.1250606,3.5680315,4.808688
3.8315663,3.9953403,3.4015467,4.4496655
4.186181,3.795788,3.1459758,4.415837
4.3840837,4.0251303,3.4994884,4.6764827
4.154961,3.504425,2.819131,4.102307
1.9740261,2.7212842,2.2656462,3.2934484
1.6547902,2.6579487,2.0942461,3.1833177
4.3305244,3.2946,2.4793487,3.8100593
3.2519906,3.7514849,3.2047918,4.4346304
1.8264225,3.3507626,2.8463109,3.7836077
1.9551067,3.0774448,2.5739813,3.5100713
2.615903,3.1474874,2.5781958,3.6831198
3.8978217,3.2189827,2.6954865,3.7168086
3.4409058,2.8349094,2.3871841,3.2633622
2.5243697,2.352076,1.9215925,2.7588482
1.7901424,2.2365594,1.654356,2.9091158
2.3958592,3.4407463,2.8836436,3.884861
1.7252223,3.1307943,2.584673,3.649328
1.7665714,3.0648932,2.5607805,3.5076454
1.7957556,2.986437,2.4330451,3.5624409
1.9734596,3.0229037,2.438637,3.5041804
1.7800115,2.674012,2.0843382,3.2963002
2.3131938,2.2791328,1.9241296,2.5784292
2.0518117,2.167301,1.6855558,2.687421
1.9766374,2.3400023,1.765963,2.90968
3.491079,3.744578,3.2815146,4.2735
2.1329458,2.9607434,2.304031,3.6546998
1.969684,2.997433,2.5049016,3.44529
4.58038,4.4862013,3.8807628,4.889967
4.386045,4.3709617,3.762761,4.8766017
4.519708,4.227168,3.7803369,4.675306
4.0871224,3.6949863,3.0864036,4.2867284
2.2153094,2.8773365,2.427633,3.342281
1.7252315,2.9708261,2.588391,3.4485373
4.579729,4.0624948,3.581491,4.4644737
4.182384,4.2273664,3.6297882,4.94342
2.889816,3.966426,3.4666457,4.4767246
2.4915612,3.731176,3.3633757,4.315688
3.9986877,3.7048988,3.209169,4.1497855
4.264694,3.8390925,3.2003047,4.5170774
3.0000207,2.6783607,2.2643802,3.0666056
2.0637224,2.620038,2.2033298,3.2366116
2.1949348,3.8881924,3.4770162,4.3182
2.0250435,3.5347102,2.980661,3.983561
2.3353336,3.5358477,2.9179943,4.0025644
3.4215424,3.6776297,3.1150503,4.1348867
2.6084797,3.2625592,2.7916865,3.6415863
2.944987,2.6565459,2.2209651,3.2320695
2.4152436,2.622844,2.0732315,3.1999857
2.4592931,2.6169493,1.9821143,3.2535613
3.5664496,3.9250736,3.4938622,4.540328
2.9083583,3.3563313,2.949393,3.8313894
2.2918248,3.3703647,2.8034186,3.849181
4.558005,4.4687896,3.9246027,4.8656507
4.200286,4.2596955,3.678925,4.8176827
4.507318,4.4784408,3.899597,5.161499
4.1736927,4.014763,3.5878975,4.50614
3.8889992,3.5196598,2.9400363,3.9867163
2.656642,3.5163631,2.9164882,4.1521516
4.6016955,3.9043784,3.4534314,4.591196
4.4672728,4.275502,3.6764424,4.8679614
3.5892103,3.874648,3.4542105,4.4729733
2.5971682,3.7502415,3.3161902,4.245525
2.8179383,3.7427437,3.2138348,4.3638697
4.343163,3.4021633,3.04143,3.7715697
3.918158,3.1037886,2.623148,3.5981946
2.8799057,2.876037,2.2889166,3.462934
2.4295099,3.5803282,2.9860737,4.1690507
2.404554,3.4481173,3.0021253,3.93575
2.3708076,3.4391248,2.7427022,3.8858697
2.8766794,3.807315,3.3332496,4.3827605
3.4645057,3.4525576,3.0624745,4.0228004
2.7312157,2.9149375,2.3149655,3.6164875
2.263775,2.8629496,2.2990015,3.4470088
2.361307,3.0128872,2.5344033,3.584949
3.68508,3.7507865,3.2346802,4.270194
3.0695376,3.3025246,2.8089526,3.951891
2.3366208,3.1487236,2.6862552,3.6774604
4.5967793,4.332975,3.7556407,4.806039
4.24542,4.114006,3.497038,4.838945
3.8223815,3.981731,3.3576853,4.5158315
3.4675305,4.069945,3.5564363,4.521198
3.6262774,3.71558,3.156527,4.287051
3.339519,3.0859623,2.5193236,3.551944
2.9858146,3.047608,2.5556402,3.5554042
4.491406,3.5495746,2.9348707,4.02002
3.7213619,3.999558,3.4427507,4.610055
3.3921027,3.6336992,3.1887927,4.1361704
2.8925405,3.4252634,2.7688255,3.9285228
2.4804184,3.402809,2.8415763,4.0826554
2.7356436,3.501126,3.0084465,4.0638475
3.5270054,3.097962,2.5480354,3.5389733
2.9275808,2.6797304,2.2052991,3.1847796
2.6899314,2.553499,1.8924862,3.1607356
2.8572075,3.7067034,3.363094,4.2199664
2.5363836,3.4154923,2.9271584,3.8686585
2.3685167,3.0985193,2.495792,3.735905
2.3945076,3.1581726,2.5234652,3.7610326
2.5283315,3.2596536,2.5128827,3.9109426
2.632732,3.0622609,2.3844867,3.6994286
2.9681406,2.6706612,2.275861,3.4478056
2.2135994,2.4707983,1.7596227,3.291385
2.1833878,2.5781045,1.8721632,3.1034327
3.324859,4.222555,3.624373,4.7161736
3.115093,3.620248,3.050134,4.1491838
2.39362,3.6110978,3.076179,4.350838
4.480339,4.5577717,3.924697,5.094012
4.378863,4.5499825,4.019357,5.1525764
4.089533,4.33976,3.9029565,4.8067274
4.044279,3.7317457,3.1535785,4.1288133
3.0881584,3.6041667,3.1595852,4.248734
4.3606043,4.076674,3.587433,4.5389433
3.8784842,4.349976,3.782242,4.887253
3.54375,4.1005354,3.500655,4.6675024
3.3706212,3.864856,3.3271992,4.4938245
3.8448937,3.879875,3.3986151,4.4330354
4.18623,4.08421,3.5790544,4.558692
4.141533,3.7441006,3.088051,4.321026
3.950794,3.2083666,2.6120033,3.825376
4.0855794,3.093606,2.6407492,3.5151374
3.3664298,3.6993165,3.2752523,4.2087026
2.9226477,3.4607308,2.9311397,4.1299357
2.8713636,3.6587524,3.0355313,4.2093134
2.738501,3.8823457,3.2540746,4.396509
2.8603923,3.564116,2.9993634,4.0113387
2.6327133,3.0846736,2.6061904,3.6141806
3.3876822,2.8953824,2.3710864,3.5617807
3.0861373,3.2038643,2.7719789,3.859494
1.5275851,2.4072223,2.0470746,2.9372797
1.4606245,1.5782986,0.8605736,2.1419876
1.44451,1.7752436,1.1476076,2.476392
2.9709892,3.1732824,2.546317,3.7555008
2.5420232,3.0330377,2.5679073,3.6146214
2.5090747,2.7374284,2.173966,3.315433
1.921963,2.7566772,2.2502666,3.4552963
1.652531,2.462308,1.8582975,2.8802476
1.5627773,1.7046256,1.0476614,2.1976953
1.5066327,1.6712666,1.2371149,2.156722
3.4422755,2.4709542,2.0911312,2.9450934
3.204129,3.2266912,2.8312979,3.678661
2.3950162,2.8829184,2.3309968,3.424975
2.143741,2.747039,2.1399658,3.3129575
3.0556102,2.322328,1.8381271,2.8823314
3.0101254,2.551498,1.8892455,3.1139665
2.9434545,2.130329,1.6742698,2.5391715
2.6534328,1.8052579,1.1817526,2.2501757
2.207398,1.8284256,1.3411962,2.3433719
2.053112,3.0640264,2.6482894,3.607916
1.1925945,2.7741652,2.2576456,3.2209392
1.3929068,2.6485243,2.1060512,3.1680524
2.3091705,2.4891586,1.951394,3.1027415
3.0022469,2.6743176,2.200636,3.0295827
2.9464326,2.3565316,1.8374888,3.0810874
1.7813879,1.9530326,1.4486618,2.4838347
2.0806055,1.8808336,1.4442786,2.4601126
1.728907,1.826788,1.3145573,2.2315054
3.6244802,3.9343376,3.4696827,4.469504
3.0792797,3.4910119,2.8170774,4.279746
3.0210297,3.4571881,2.9751256,4.163572
4.6111984,4.416151,4.07289,4.9922814
4.554123,4.1774216,3.5020764,4.806275
4.3509707,4.359969,3.9386268,4.888642
4.2081895,4.1770887,3.5304005,4.781775
3.8217638,3.4544299,2.9118538,3.9176617
4.603133,3.9555411,3.2972229,4.5729365
4.2305226,4.325554,3.8055723,4.7965446
3.7295036,3.959752,3.4230912,4.454593
3.2611365,3.8248959,3.3426964,4.311551
3.7236297,3.86039,3.4208798,4.3305054
4.2557716,4.0052843,3.3001783,4.604543
3.6580274,3.3107398,2.867829,3.8331661
2.833075,3.1410935,2.5816522,3.809169
3.4732938,3.9939728,3.4307475,4.6537848
2.3561711,3.7395272,3.0618591,4.391164
2.8201215,3.514048,3.0835836,4.005651
3.2107978,3.794942,3.2165055,4.4139385
4.063633,3.9500597,3.525634,4.4424977
4.0662217,3.621427,3.0184574,4.025685
3.8614743,3.2768004,2.8195627,3.7979624
2.752853,3.1660569,2.674001,3.6645155
2.8422086,3.2736497,2.71568,3.81031
1.4836842,1.8846928,1.5217978,2.352715
1.4803032,1.7838401,1.2018218,2.3914003
1.5266771,1.7512515,1.2911073,2.0408962
1.9164957,2.3373451,1.9031371,2.984025
1.8255662,2.1861956,1.719169,2.8426187
1.9055085,2.1105578,1.4624479,2.8067322
1.935024,2.1355398,1.4860469,2.5690966
1.9203027,1.9586508,1.3805606,2.4517791
1.9582928,1.7201002,1.1429945,2.2287276
1.6404815,1.696825,0.95547587,2.317767
1.8867712,1.8200557,1.4172996,2.3134913
1.6703994,2.0520606,1.5835022,2.694755
1.4398504,1.9260043,1.2006967,2.6052852
1.4417347,1.8040931,1.2496899,2.3562217
1.6669785,1.8970668,1.3453118,2.5331218
2.7635534,1.7394757,1.1152713,2.3147926
2.419364,1.5977504,1.0572158,2.0346267
1.8084564,1.4947747,0.84049225,2.0125039
1.1038251,1.8429053,1.2536069,2.4150748
1.24288,1.8008665,1.2678319,2.2388074
1.440003,1.6526672,1.1302513,2.099731
1.9040458,1.8581717,1.1628957,2.6062076
2.4705682,1.7636039,1.1421454,2.3363762
2.1077578,1.4966683,0.9740501,2.0606806
1.8335176,1.6722711,1.1130148,2.2098887
1.8691761,1.5525367,0.93990535,2.1990166
2.3785217,3.170504,2.7225955,3.527915
2.3055174,2.7590697,2.232798,3.2331464
2.2834244,2.7294946,2.2442405,3.0917745
3.6486058,3.7916548,3.3090763,4.2564983
3.0718591,3.591068,2.9480805,4.1364317
2.934014,3.6564486,3.13229,4.163964
2.8877695,3.2673607,2.823272,3.781521
3.0066276,2.7759242,2.1469738,3.2952366
2.4366083,2.7582858,2.035546,3.2034686
4.444483,3.0699666,2.5155225,3.794429
3.3990293,3.58588,3.0557535,4.0540485
2.4617696,3.2505643,2.5542278,3.675747
2.2898386,2.8925989,2.453351,3.324442
2.405658,2.8490176,2.3601904,3.2420502
3.7479835,2.8937564,2.2375617,3.333343
3.442336,2.3266304,1.7684067,2.80719
2.4956026,2.3474357,1.7690172,2.8998864
1.9159932,2.9384434,2.3890834,3.4962516
1.7930908,2.6940467,2.192561,3.2340448
1.896075,2.781152,2.0355954,3.4542136
2.4638612,3.1130333,2.453975,3.5847566
3.275246,2.749757,2.1946156,3.4060414
3.0009391,2.496633,1.9080477,3.029085
2.4111009,2.4269211,1.9463793,2.9863281
2.613446,2.4548225,1.8810302,2.9000664
3.7533665,4.0920796,3.6946578,4.571443
3.1459787,3.7573848,3.1908436,4.358702
3.071605,3.7093558,3.2676902,4.2860684
4.612908,4.6202583,4.1085453,5.0274487
4.5967216,4.468229,3.9597018,4.943288
4.418895,4.51851,4.1395273,4.9231052
3.9620943,4.2967095,3.811259,4.869703
3.5905893,3.7644615,2.9669755,4.49334
3.3391745,3.653408,3.0146399,4.373416
4.614498,4.2391047,3.356007,4.766733
4.5317144,4.410552,3.796817,4.93312
3.646137,4.166079,3.714556,4.6355023
3.4029953,4.0100574,3.3007457,4.7087355
3.8132563,4.0765595,3.60752,4.7030115
4.1216097,4.22367,3.700073,4.6926417
4.43272,3.5071638,3.0025578,3.958071
3.696945,3.498727,3.0633538,4.0397177
2.5599103,4.028767,3.4074154,4.603698
2.5461838,3.739611,3.2501543,4.266454
2.6732323,3.9134412,3.325437,4.329482
3.044523,4.0759363,3.5930014,4.707178
4.0001383,3.8864942,3.215807,4.5020595
4.344158,3.4546945,2.883845,4.003139
3.4513717,3.4410164,2.7079728,4.064424
3.514959,3.583628,3.0798972,4.083831
2.7572234,3.4141245,2.9078815,3.992474
2.2064526,2.7388697,2.31585,3.3244188
2.181033,2.5694551,2.1408904,2.9749656
4.026158,3.995344,3.435372,4.5494003
3.964379,3.7811515,3.1653912,4.176965
3.5158758,3.8318036,3.2359848,4.3852186
3.1511974,3.4449756,3.1016762,3.878584
2.4855244,2.655599,2.2593503,3.171457
2.1731193,2.7088008,2.125426,3.1721284
4.582671,3.4060297,2.7528074,3.9317222
4.1169124,3.8354583,3.3658426,4.2754397
2.9854164,3.520168,2.80782,4.254059
2.7062442,3.241553,2.7244453,3.6995344
2.7558365,3.2024186,2.6803868,3.77505
2.5674694,2.422576,1.8625094,3.1646335
3.6183445,3.582899,2.9622173,4.110858
1.9620206,3.1981213,2.4948072,3.769162
1.9605355,3.090694,2.5690582,3.602563
1.9232306,3.0222192,2.3773296,3.673104
2.0601628,3.3484733,2.7462673,3.8738384
2.846105,2.8892682,2.3748827,3.323362
3.601876,2.525136,2.1699195,2.9952912
2.532855,2.4215534,1.9441504,2.9518054
2.93694,2.5556898,2.0577683,3.1435041
3.496366,3.9270782,3.4492645,4.5507326
2.890902,3.3260336,3.027694,3.766427
2.7351305,3.341859,2.7278454,3.9583535
4.269944,4.1917133,3.7281628,4.9471116
4.0707374,4.177308,3.5295632,4.6662307
4.084952,4.273336,3.592592,4.677251
3.7128098,3.9425097,3.4323208,4.547597
3.192159,3.3282683,2.8199146,3.8600056
2.5620065,3.4159343,2.7861648,4.0703692
4.610083,4.0368714,3.5127761,4.581654
4.4110975,4.3618116,3.9524395,4.739196
3.651278,4.0721717,3.5460813,4.548688
3.2850027,3.791705,3.2719443,4.4122386
3.4285774,3.8309314,3.2501097,4.5398884
3.700455,4.032175,3.564313,4.8493
4.0252266,3.6810513,2.8664124,4.202675
4.0967617,3.2466152,2.7617967,3.748815
3.5094333,3.1914427,2.6578238,3.6107872
2.433839,3.9398494,3.4736063,4.393083
2.462243,3.59128,3.0521228,4.0280247
2.4349818,3.728957,3.273946,4.191091
2.6648195,3.9530535,3.193788,4.496087
3.5873141,3.6492314,3.1998782,4.14873
4.306498,3.147377,2.49509,3.793696
3.6876843,3.1554368,2.482626,3.6797519
3.939238,3.3673048,2.8175159,3.991828
2.6988378,3.2612596,2.6592457,3.7458358
2.453975,2.7352412,2.3508291,3.0909233
2.4225998,2.7718873,2.080264,3.2972016
4.015699,3.896943,3.4151542,4.5270786
3.648234,3.730302,3.3129163,4.106869
3.8143878,3.671677,3.1473138,4.4272556
3.811983,3.7499726,3.2660308,4.3372145
3.2482271,3.585927,2.974279,4.0870013
2.508671,2.8505075,2.2710552,3.4871602
2.243264,2.842868,2.4451554,3.3660562
3.7919507,3.758033,3.3150241,4.345977
2.8495219,3.37227,2.7961378,3.9661868
2.631768,3.2252197,2.7852128,3.7324462
2.7612257,3.129406,2.6572,3.5620596
3.1666033,3.4993172,2.9802628,4.0600014
3.6615088,3.1383572,2.6491551,3.6327937
3.4956293,2.6326969,2.1090999,3.1425946
2.7033489,2.4918423,2.0283487,2.948811
2.0662,2.923424,2.550661,3.3746474
2.117007,2.9757051,2.3333101,3.435105
2.2077215,3.2277198,2.719423,3.7506266
2.8970184,2.9474688,2.5472739,3.3935986
3.765631,2.5903833,2.0774171,3.06638
3.2623794,2.5716193,1.9876308,3.0758245
2.6923087,2.5819995,2.0137796,3.1050615
3.425004,2.7618697,2.3184342,3.1892421
3.175427,2.6734962,1.9817717,3.228961
3.6605625,3.861478,3.16396,4.483405
2.3516066,3.7336369,3.087124,4.536298
2.6829884,3.1982563,2.6735528,3.5936294
2.6725733,2.6006584,2.1355796,3.006338
1.9597923,2.5432827,2.0599687,2.925115
4.080556,3.7641387,3.086164,4.473564
3.4099104,3.3739161,2.8560777,3.956901
3.264701,3.0942745,2.469087,3.576646
2.2391887,3.0674913,2.6449528,3.5926518
1.8364254,2.6377501,2.1918628,3.1847255
2.368433,2.158289,1.5596797,2.6551101
2.132765,2.0814672,1.6741399,2.777415
4.026854,3.3720717,2.7444413,3.7971394
3.8130088,3.2204542,2.7800899,3.6843176
3.5593,3.0246878,2.502813,3.3951874
2.760201,3.0277028,2.5427725,3.629961
1.8713886,2.5972507,2.0997639,3.0507324
2.266477,2.144124,1.4968032,2.783414
1.997647,2.2065806,1.699009,2.6416998
2.289721,2.1029758,1.6222856,2.5736165
1.5581663,2.1510227,1.4595715,2.6752114
3.487055,3.2712076,2.6729283,3.9068358
3.4625611,2.6178608,1.8759719,3.2231662
3.2467122,2.537112,1.9120662,3.119713
4.33462,3.818724,3.226526,4.5903587
1.1793139,3.6867633,3.2388055,4.2179155
1.1686426,3.073649,2.462407,3.5498435
1.3173466,2.3718355,1.8823419,3.003226
1.2968698,2.3079796,1.7925978,2.7723324
3.7371671,3.7629232,3.2617126,4.220914
4.027998,3.5174484,2.8013537,4.0667567
3.1937292,3.1691432,2.6425,3.6807857
2.6375885,3.0168133,2.6415324,3.5166683
1.9891629,2.4719498,2.0286121,2.8546045
1.6747432,2.0138204,1.5628898,2.4634075
1.8126674,1.9502156,1.424837,2.586401
2.2575076,3.6503801,3.1712277,4.422357
4.003249,3.3252497,2.8695097,3.7402425
3.5101438,3.0240798,2.40581,3.5375652
2.8215187,3.034396,2.634285,3.5292025
2.8053102,2.98502,2.3811243,3.7212484
2.634713,2.666251,2.1115928,3.1014924
1.344956,2.1130219,1.599205,2.6874979
1.6240797,1.9209344,1.4212742,2.4083738
3.0180802,3.163952,2.6760309,3.6444051
1.2564754,1.9778919,1.5298256,2.3428786
2.6634245,3.0061529,2.546369,3.5112689
2.2743454,2.5814114,2.1674538,2.9943626
2.2540252,2.5738773,2.1756535,3.0363386
3.5951738,3.584852,3.0916386,4.09752
2.4028292,3.4347055,2.8438776,3.9078975
2.2853558,3.0253987,2.4310188,3.7579324
2.0657208,2.4087112,1.847402,2.8748708
1.9747266,2.4440022,2.0054376,3.0531118
3.6436825,3.4587255,2.9352484,4.051957
2.8768933,2.741253,2.271456,3.2492216
2.3669665,2.9104297,2.1113431,3.215482
2.3076878,2.3903816,1.6992058,3.201273
2.2159538,2.0833,1.5611387,2.6845248
2.2308257,2.041429,1.4555645,2.6456375
2.522108,2.8400965,2.263536,3.275506
2.5118263,2.7521935,2.197302,3.3215907
2.5092387,2.4750786,2.079808,3.092211
2.1294131,2.1717668,1.5598339,2.7753778
2.1227427,2.101421,1.6214088,2.5302956
2.1241415,2.1722603,1.6724391,2.6654153
3.0984159,2.8052585,2.3181868,3.1645935
2.2297044,2.2825017,1.8136843,2.7237437
2.155627,2.2657633,1.8293222,2.7645986
3.3548925,3.7762032,3.4022067,4.3171186
3.844936,3.5887218,3.0512075,3.961283
3.5604486,3.3614352,2.8785627,4.00556
2.6539526,2.840726,2.3192444,3.3670402
2.205114,2.1123598,1.5614276,2.8585489
2.0851514,2.2379494,1.6034265,2.6936429
3.788006,2.7688148,2.3128564,3.1541984
2.567918,3.1983645,2.6554601,3.6373522
2.507922,2.9713786,2.415693,3.4954376
2.669579,2.8118708,2.133391,3.4823744
3.5306509,2.7225153,2.2520626,3.3042676
2.2340927,1.8261863,1.2597193,2.4320216
1.9552898,1.838048,1.1841569,2.3393383
0.9901974,3.1017907,2.6572206,3.6113324
2.1683962,2.8968508,2.4665217,3.2877874
2.6633804,2.6255724,2.083808,3.1505103
2.655092,2.7141452,2.1886353,3.3728142
2.9413605,2.6156943,2.0608678,3.1481378
2.7792103,2.2214913,1.5006565,2.810666
1.7137729,1.8505931,1.5197084,2.4376009
1.5541389,1.9097024,1.4158299,2.3177893
0.17264608,1.8982505,1.3510379,2.295249
2.2859497,2.4548569,2.0491168,3.051061
2.0587757,1.9410311,1.5525273,2.3388195
1.9404666,2.0164711,1.4796382,2.5280294
2.3682437,2.7448242,2.2841802,3.2138245
1.9922148,2.2434165,1.7040052,2.591163
1.8797723,2.057507,1.3844937,2.648106
1.7615037,1.8069276,1.1320744,2.3585358
2.878722,2.1617367,1.4991201,2.7193272
2.3389993,2.6589744,1.9507172,3.2498364
2.0537083,2.4045703,1.9339015,3.101619
2.0521278,2.244453,1.8245984,2.6296027
2.1048799,2.1473892,1.7518082,2.8482704
2.0280058,2.0123153,1.2796566,2.6310952
1.7992454,1.707744,1.237597,2.1022873
1.6975079,1.7365283,1.1809586,2.2209516
2.1764927,2.2107978,1.6577401,2.7064118
2.26038,2.10745,1.6842532,2.580783
2.2138875,2.1514878,1.7568277,2.6252356
2.0815675,2.2115173,1.6610297,2.7817144
1.6918819,1.7156773,1.0376124,2.2691348
1.6072925,1.6537684,1.0789499,2.2359657
1.5853341,1.7179204,1.1180372,2.4290555
2.5192268,2.659564,1.8477778,3.309786
2.0164354,2.1505485,1.5098641,2.7016797
2.1396437,2.259689,1.6485412,2.8000047
3.078914,3.319433,2.7718883,3.8503067
2.3500648,3.0823371,2.6050434,3.521704
2.6242368,2.919257,2.3281188,3.5298283
2.610377,2.965936,2.4070632,3.5791366
2.2070775,2.5600777,2.0126665,3.1777241
1.9713486,2.1053047,1.6472834,2.6516385
1.8874388,2.1347,1.6760794,2.5656428
3.5000682,2.4358613,1.8909494,2.9729996
2.5432925,2.8516495,2.2685065,3.3528538
2.2893252,2.5618033,2.0941982,3.037091
2.1110072,2.4185953,1.9348558,2.9849234
2.105005,2.245051,1.6765519,2.6874416
2.2226174,2.3375716,1.7956088,3.006776
2.2052333,2.1872606,1.780848,2.5576553
1.9729897,1.7707042,1.2522677,2.4966202
1.8311837,1.8582795,1.4552554,2.3965027
2.2066429,2.559042,2.0842519,3.00002
2.0892348,2.3009903,1.8450457,2.8584838
2.1308427,2.353172,1.9315426,2.8451822
2.1579156,2.3507047,1.7317623,2.941302
2.2874742,2.1432285,1.594123,2.9130857
2.0480416,1.8851185,1.3209453,2.4518428
1.7806199,1.8082114,1.4327087,2.2100632
1.8386335,1.7996426,1.246583,2.2884133
2.293863,2.455697,1.969871,3.104593
2.0227947,2.0137064,1.5737875,2.6121726
1.979968,1.872542,1.2336954,2.3668075
3.3353853,3.2718363,2.8041768,3.8633273
2.4300733,3.0731664,2.486749,3.5622199
2.482583,2.8969984,2.481177,3.3478985
2.2579052,2.8146327,2.1802979,3.3330295
1.9229842,2.2831604,1.8092884,2.8170831
1.7865977,1.9224544,1.3620564,2.3660057
1.7599411,1.8721545,1.2897829,2.4303298
3.6185434,2.2773705,1.7354681,2.930725
2.295614,2.922201,2.3790672,3.390326
2.099928,2.5513687,2.0089495,2.9679587
2.024133,2.3365746,1.7746952,2.8829968
2.0306892,2.3469384,1.7706195,2.898524
1.9986144,2.2141333,1.4887861,2.7940953
1.9252931,2.0277088,1.5062499,2.6074095
1.7519647,1.7298042,1.329802,2.1495261
1.6367986,1.5950432,0.94155157,2.1554096
1.9401428,2.423935,1.8946363,2.9909947
1.814031,2.12445,1.618307,2.710562
1.8971819,2.2322755,1.7362226,2.697878
1.8376205,2.3234284,1.7104882,2.7772667
1.9139104,1.9245408,1.3577546,2.422513
1.938626,1.7694273,1.1522442,2.1953104
1.5882642,1.754832,1.2657986,2.1787708
1.5925335,1.6521549,1.1809077,2.065088
1.6076298,1.6505424,1.052144,2.2803195
1.5698924,1.631162,1.0041167,2.2514744
1.9191508,2.1083977,1.5644659,2.7893784
1.540076,1.8989234,1.420764,2.363368
1.4642948,1.6507357,1.0861062,2.1620233
1.4435539,1.5754308,0.95858127,2.04808
1.9344237,2.1639462,1.418874,3.011779
1.7042645,2.0656323,1.6743572,2.6297894
1.6515567,1.9262795,1.4924252,2.410266
1.6685042,1.7978462,1.3130633,2.3420951
1.786904,1.7476014,1.1903653,2.179324
1.4904275,1.6009276,1.1766015,2.065174
1.3970801,1.4427996,0.8797475,2.0750477
1.7805697,2.0302,1.5505606,2.5805051
1.7562764,1.8551712,1.4189688,2.3687792
1.7190398,1.8858956,1.3939689,2.381495
1.6393027,1.9037102,1.4894638,2.3100452
1.5937352,1.6974939,1.1805222,2.2885695
1.4906776,1.5930585,1.1122283,2.0762966
1.3612759,1.4692895,0.92389566,2.0009227
1.3774154,1.5046884,0.7931665,2.2522542
2.1454036,2.480149,1.8927178,2.9661582
2.0400562,2.035422,1.3877614,2.6936476
2.1013806,2.0781496,1.5480782,2.4489825
2.4190652,2.9738646,2.4403124,3.7391524
2.2169385,2.7720058,2.2962675,3.2746649
2.2626336,2.6685505,2.106572,3.1902137
2.007429,2.3690677,1.7979039,2.9843495
1.8735741,1.9950901,1.4342251,2.5805736
1.897818,2.1098437,1.5052924,2.6280072
1.757956,2.3845391,1.8368299,2.8725882
1.8690965,2.2731752,1.6856068,2.7855759
1.9478865,2.193158,1.6797194,2.8070402
2.0683386,2.271239,1.6834128,2.7958362
2.3419945,2.0692542,1.5532844,2.585229
1.9470036,1.6991942,1.2145388,2.1611795
1.8251767,1.7858194,1.2535577,2.1427042
1.8789917,2.2341168,1.6874278,2.9563668
1.7804985,2.124915,1.5849586,2.575117
1.8614036,2.0646603,1.6432643,2.6385224
1.9508733,2.3661923,1.9646568,2.8304842
1.9560016,2.0279167,1.5213293,2.5882998
1.946049,1.7891378,1.2192178,2.368914
1.7356641,1.8240335,1.4633794,2.4378161
1.792355,1.7972093,1.272264,2.2929914
1.8324193,2.1394596,1.6959064,2.6469047
1.7135724,1.7914245,1.2995266,2.4268532
1.7490782,1.8534853,1.3152417,2.296175
2.3363938,2.4890268,2.0579922,2.9730372
1.9675677,2.359846,1.9522593,2.7396533
2.0820317,2.2124279,1.6775548,2.791021
1.913409,2.3710327,1.8963548,2.8857026
1.7103679,2.0651712,1.566273,2.59999
1.6082621,1.8186231,1.2556118,2.3725185
1.5858212,1.7061602,1.3120723,2.1614752
1.8098214,2.2133505,1.6711669,2.719462
1.6850574,2.1636279,1.7261089,2.7025912
1.6155062,1.8604039,1.1587424,2.4973404
1.723224,1.9175116,1.3571659,2.396454
1.9870945,1.6491456,1.278105,2.0502112
1.6682727,1.4881136,0.90241224,2.0311887
1.5180371,1.4606955,0.7375373,2.0572073
1.9253228,2.0647576,1.6280271,2.6826234
1.7166793,2.0726612,1.4622008,2.593748
1.7029965,1.8257174,1.3326937,2.3701847
1.6859748,1.9711323,1.4418714,2.4164424
1.8127561,1.7309649,1.2187184,2.363273
1.6574044,1.5882465,1.0522567,2.223381
1.4689196,1.6017112,0.8475831,2.3328516
1.4726931,1.5339603,1.0315847,2.078513
1.8862883,2.0718646,1.4661441,2.7487493
1.7822049,1.7555023,1.153522,2.2170181
1.7898992,1.7780023,1.17819,2.352911
2.1332972,2.5258784,2.0790687,2.9773648
1.9708393,2.4321172,1.7300532,3.1100411
1.9990827,2.1382723,1.6906241,2.5358143
1.7519234,2.0893857,1.7273113,2.6044474
1.6593683,1.7170705,1.2915685,2.373493
1.6320419,1.6598934,1.1071447,2.0511868
2.7657268,1.8220421,1.2761817,2.3755863
2.0442429,2.353564,1.7819766,2.9767938
1.834913,2.1030142,1.5842204,2.8146603
1.7704016,2.0199916,1.573907,2.4835353
1.8326545,1.8679463,1.2373394,2.3710878
1.8548244,1.8659613,1.1707147,2.4825263
1.9038045,1.6488792,1.06595,2.1524398
1.8038366,1.5936192,1.2042401,2.0026612
1.6916708,1.638012,0.923614,2.2619624
1.9984651,2.0574908,1.3942167,2.7966301
1.8386136,1.8489199,1.1695629,2.3824105
1.8408545,1.8804319,1.4535606,2.2603154
1.7511528,2.0296986,1.5423832,2.490188
1.8947785,1.767742,1.1426762,2.4574213
1.9548321,1.5326421,1.0364672,2.1732275
1.803084,1.6175979,1.0978876,2.311027
1.8003683,1.5567627,1.045739,2.014254
1.2840722,1.3386005,0.75624466,1.9293224
1.2140453,1.1764699,0.7979406,1.7016644
1.1137186,1.1446434,0.6994324,1.762029
1.4580071,1.5313476,1.0735657,1.9818379
1.3287019,1.363936,0.8095583,2.024723
1.3212817,1.334348,0.88958323,1.7937201
1.4273999,1.3611239,0.7364635,2.0949266
1.5363429,1.7577381,1.3919022,2.2311687
1.5634241,1.6861783,1.2690806,2.2405784
1.5070331,1.6652856,1.0742109,2.0870402
1.5328033,1.4681363,0.9315158,2.0284255
1.5657712,1.4458331,1.0149572,2.00047
1.4550558,1.2766623,0.7709743,1.8273089
1.4694281,1.3089241,0.92240596,1.7503972
1.4026576,1.6421937,1.0124443,2.151282
1.5622627,1.5333358,0.9378814,1.9391469
1.5311654,1.5609887,0.978781,2.1235032
1.5941945,1.481756,0.7858246,2.0331748
1.7140402,1.301125,0.74801093,1.7439244
1.5555171,1.3037694,0.84138167,1.7400539
1.6396554,1.3784968,0.8652218,1.927621
1.246264,1.6752259,1.2203438,2.158442
1.5450795,1.6186125,1.2154162,2.2297738
1.8099183,1.8889271,1.4466122,2.4493618
1.5063261,1.8644832,1.381498,2.359115
1.4041934,1.5666243,1.084291,2.0955818
1.5789026,1.5971246,1.0325727,2.2690508
1.4788932,1.9176339,1.4474714,2.3166285
1.4971299,1.8356739,1.2342479,2.3434062
1.5852083,1.6993228,1.1105543,2.4269962
1.7048752,1.8347831,1.2981397,2.4121227
1.8326597,1.7322874,1.175016,2.4610565
1.6063527,1.4922733,0.88841677,2.183508
1.6198298,1.3949193,0.9738207,1.8278329
2.3180814,1.8311399,1.3358837,2.2296045
1.798152,1.8552735,1.3857732,2.443902
1.6376307,1.8391018,1.4153782,2.1971025
1.5787855,1.7716945,1.3190542,2.179994
1.6199865,1.7967479,1.2554705,2.2309628
1.7456346,1.6013321,1.0539438,2.1647675
1.6358032,1.4944257,1.0181842,1.9269165
1.6961653,1.4601617,0.9894143,2.0341585
2.0126615,2.4117544,1.7412118,2.859871
1.7463329,1.8838254,1.4289491,2.3751738
1.7934301,1.8327805,1.3331988,2.223722
3.05504,3.1009214,2.6338968,3.6024585
2.5910497,3.0155466,2.424362,3.5094993
2.1875453,2.7252967,2.2622921,3.2149987
2.0001452,2.2599816,1.6811916,3.06418
1.761027,1.796217,1.1996467,2.3308856
1.725854,1.8430512,1.2849683,2.373794
3.6358933,2.2240403,1.6577456,2.910805
2.5982423,2.8473167,2.208027,3.4828289
2.4207387,2.533415,1.9469326,3.0542743
2.3377697,2.2926393,1.63769,2.9173334
2.217137,2.2829547,1.6205128,2.8751178
2.101824,2.2241096,1.5517604,2.8465543
2.1597342,2.0092714,1.5362786,2.5614169
1.9208513,1.5376004,0.887074,2.2006996
1.8126378,1.6342157,1.0088967,2.0724607
2.0626998,2.5791767,1.9672903,3.0653737
1.782315,2.323277,1.7947423,2.7031045
1.8327975,2.2781997,1.7436922,2.8132532
1.8347685,2.1207511,1.6361264,2.659893
1.7620339,2.2484403,1.6937451,2.899935
1.722204,1.8998773,1.2656097,2.6561801
1.7622157,1.633381,1.1960919,2.1505344
1.6752671,1.6626748,1.0276176,2.246207
1.356636,1.6051952,1.1009457,2.2705467
1.9231744,2.3443627,1.678134,2.8482783
1.6409314,1.8501079,1.3449417,2.2949638
1.7170199,1.9538175,1.3985859,2.6115844
2.7129428,3.1142337,2.6416855,3.5820787
2.3052213,2.8249931,2.2722619,3.236448
1.7378893,1.7302493,1.1176417,2.1054678
2.3795903,2.7571487,2.403796,3.1067512
2.1643417,2.4183023,1.9522245,2.9045753
2.1395788,2.2689023,1.6468731,2.9424536
2.0295181,2.2103555,1.619092,3.0022724
2.0236576,2.168425,1.6768138,2.671832
1.996869,1.9146938,1.1642045,2.481383
1.7903311,1.594939,1.0817571,2.0870903
1.7026045,1.5791869,1.1367213,1.9203498
1.7207927,2.4029682,1.7399532,3.0290172
1.7586178,2.3058617,1.7680587,2.7248914
1.9702804,1.9761564,1.4207183,2.5437825
1.8761138,1.6674048,1.1846992,2.152383
1.6244948,1.6214937,1.2904923,2.0867784
1.8589832,1.7638845,1.0538893,2.4551558
1.6415913,1.9291897,1.394432,2.4800322
1.3296763,1.5142227,0.99408823,2.0009124
1.2915897,1.516628,1.032399,1.9102201
2.3340373,2.7916553,2.170043,3.3683126
1.8915784,2.234224,1.6274514,2.9179125
1.7667444,1.9588857,1.3992969,2.4244573
1.5560868,1.4926351,0.9985099,2.0146644
1.485331,1.4652574,1.0067482,1.8560293
2.0923736,2.3393192,1.9755381,2.874823
2.1443505,2.1800046,1.5572505,2.7495735
1.9816942,2.0498831,1.3407809,2.7298977
1.9367844,2.05873,1.6660198,2.620873
2.0071838,1.6744112,1.2355894,2.3185272
1.7955805,1.4799459,0.79202515,2.043342
1.71329,1.5662433,1.1199452,2.0139723
1.9115494,2.336332,1.8667306,2.869487
2.1269064,2.1587145,1.7459536,2.6438434
2.0452,2.0802789,1.4363865,2.7375405
2.078696,2.0655348,1.4443375,2.719634
2.0151756,2.0086622,1.4403348,2.7692919
1.856395,1.4971312,1.0138596,2.0116065
1.6356165,1.6127137,1.132739,2.2146182
1.7045987,1.5366417,0.98446393,2.1194184
1.6222587,2.0599823,1.5001559,2.6355917
1.4324125,2.0940979,1.4238389,2.8285003
1.8479842,1.9885219,1.5683173,2.3727949
1.7169476,2.0378728,1.5230111,2.6977847
3.0578718,3.6042728,3.0373962,4.2369065
2.598272,2.7051697,2.3021386,3.2787056
2.431131,1.9947028,1.5482765,2.5906386
2.5634892,1.9795035,1.4911832,2.634023
2.23344,2.926276,2.472082,3.429143
2.3892932,2.9157307,2.456922,3.3636625
2.573723,3.0946932,2.434933,3.5491624
2.5296917,2.6235611,1.9705065,3.2666593
2.1158888,2.082639,1.5628006,2.60907
2.4297435,2.1954288,1.6525172,2.7305973
2.2567284,2.1853974,1.658403,2.7456818
4.1183405,4.3332953,3.8243499,4.784057
3.70089,3.9765866,3.4259605,4.705181
3.4880404,3.9798784,3.4624493,4.6061177
4.60263,4.96329,4.5404906,5.367083
4.5381575,4.6389656,3.8479822,5.222371
4.3715034,4.688123,4.054383,5.4491754
3.9398448,4.6914363,4.1960278,5.185428
4.104548,4.3197346,3.8243823,4.890354
4.192057,3.9751592,3.4223783,4.4252267
3.4473727,4.0267305,3.5291157,4.5174646
4.618986,4.7091475,3.9872665,5.342602
4.6194477,4.6647964,3.9203665,5.096527
4.476512,4.524332,4.112434,4.8819404
4.423967,4.278374,3.7838423,4.9249177
4.345976,4.5084157,3.7639325,5.280413
3.9118319,3.7790132,3.2739928,4.3091106
3.6839721,3.6369762,3.1961443,4.047782
4.582293,4.4999094,3.948269,5.1215005
4.591013,4.2643433,3.6992626,4.7438993
4.5842137,4.2336297,3.6648664,4.9206805
4.6135554,4.4017262,3.7711174,4.9810047
4.532765,4.2589493,3.7112405,4.808101
4.218127,3.7664347,3.2464776,4.3729186
3.2593033,3.8007555,3.2366977,4.440583
3.4891808,3.8364763,3.2779748,4.3152094
2.692352,2.7864835,2.1848938,3.3645425
2.449932,2.3752074,1.8333828,3.030769
2.4670503,2.4435277,2.0392666,3.039274
2.7656996,3.2008169,2.614651,3.6189663
2.4891906,3.0763395,2.557408,3.851206
2.5032408,3.10442,2.6351585,3.6579616
2.633862,2.5706966,2.0812309,3.083379
2.3874614,2.3276167,1.7887297,2.739149
2.2460072,2.3460112,1.619031,3.1396978
3.8141885,2.510307,2.000127,2.8927517
2.6325274,2.9455657,2.2920337,3.433928
2.0188916,2.66866,1.9081155,3.1858377
1.844046,2.417704,1.6769133,3.091896
1.9089789,2.3494105,1.7625064,2.8579578
2.5175893,2.0261052,1.3871307,2.6266904
2.3153136,1.9734837,1.445349,2.5409563
2.6588035,2.668349,2.1085083,3.134868
1.7567153,2.4446366,1.9208674,2.909219
1.8407996,2.3122613,1.6633466,2.8678381
1.8572768,2.3047526,1.7827926,2.7770345
1.9345598,2.4527307,1.859158,3.0694227
2.377341,2.2161279,1.7774404,2.7706153
2.620784,1.9762305,1.3225468,2.5110533
2.4579601,2.0111592,1.3876154,2.6741383
2.0842843,2.053384,1.4271777,2.51357
