target,mean,lo90,hi90
2.5931726,2.5597115,2.0356565,3.162631
3.1672716,3.5324013,2.916136,4.141314
2.4746385,3.058304,2.4688866,3.5798225
2.5509362,2.6367013,2.0673716,3.184294
2.1373417,2.2408788,1.7038474,2.761563
1.7445829,1.8272487,1.2664636,2.375048
1.7499595,1.9492532,1.4094874,2.4856794
3.2643802,2.927861,2.3872972,3.5076659
2.4658046,2.985122,2.4175777,3.5460868
2.358268,2.514058,1.9396793,3.0803862
2.1362355,2.28082,1.7490758,2.8672335
2.232104,2.342704,1.7269211,2.962556
2.0569317,2.049459,1.4181224,2.593697
1.8907422,1.8712338,1.3189324,2.407617
2.61508,2.6417172,2.0755732,3.1535444
2.4780807,2.2175584,1.7160796,2.7648108
2.3475149,1.9669521,1.4362355,2.488716
2.2883074,1.9914988,1.504384,2.4123275
1.5077957,1.6173041,1.028267,2.2066433
1.3769561,1.5418558,0.9069089,2.1273599
1.3854364,1.674728,1.1242514,2.242777
1.6404147,2.0185301,1.4736816,2.5687907
1.5515301,1.8043275,1.2589331,2.3276813
1.8802419,1.7688701,1.2160723,2.3720572
1.6888909,1.5147445,0.97383225,2.0384493
1.3750097,1.3696494,0.7646878,1.9145793
1.2938359,1.1912904,0.62170815,1.7298987
1.3703035,1.3141612,0.71324855,1.834239
1.5883126,2.0658412,1.4988914,2.627809
1.4883579,1.6009188,1.0639576,2.1225023
1.3874615,1.5216113,1.0168357,2.0691524
1.4943277,1.5527118,1.0268223,2.0696757
1.5589353,1.459343,0.93168616,1.9995478
1.3507843,1.4696764,0.94127923,2.0204878
1.3562243,1.5158194,0.9425915,2.0306635
1.6551791,1.5055931,0.92782986,2.1502984
1.5784546,1.4356526,0.83301616,1.995722
1.5892786,1.4599309,0.97199816,1.9598023
1.5763836,1.4914639,0.9495253,2.0846317
1.6171257,1.4595842,0.8595843,1.9964287
1.4269342,1.4323235,0.91498685,2.0141807
1.3542476,1.5933504,1.1166947,2.148788
1.253662,1.3329968,0.75798464,1.8571186
1.8474857,1.8433948,1.3118161,2.4484396
1.8603139,1.675983,1.1068301,2.2428844
1.9036222,1.8270123,1.3328663,2.3548298
1.9795693,2.504605,1.933527,3.1724687
1.8313289,2.2171447,1.6968054,2.7419586
2.1226,2.070317,1.5767785,2.659572
1.9358379,1.8891613,1.3259791,2.354686
1.6488578,1.6746597,1.1788197,2.1979852
1.5283375,1.326551,0.76859695,1.9476967
1.5838499,1.4665473,0.87557405,2.1078718
3.6746523,2.329509,1.8014345,2.8881881
2.0096924,2.420749,1.7961628,2.9603488
1.6563807,1.9026119,1.3180755,2.4253612
1.4894643,1.7526163,1.1407721,2.3996537
1.6308112,1.785258,1.2340223,2.339938
1.7038473,1.7044251,1.1229972,2.256567
1.8086975,1.617716,1.050092,2.0567694
1.5117108,1.5437639,0.9772008,2.1475883
1.4135512,1.695189,1.1432158,2.2654533
1.7718899,1.681622,1.0719869,2.322698
1.6900754,1.654135,1.1194334,2.214785
1.6744857,1.6472485,1.0998839,2.1488996
1.7051746,1.6678245,1.1022639,2.2938256
1.6631075,1.7162699,1.1799294,2.2321913
1.4909339,1.5231733,0.9813688,2.105754
1.3455092,1.7095472,1.1307081,2.269242
1.3404161,1.4151965,0.9454746,1.9568466
2.2378886,2.2960062,1.7395389,2.7978435
2.3088512,2.1783805,1.6135545,2.7505684
2.2089725,2.1942074,1.7085415,2.6844385
2.4765897,3.0593996,2.525712,3.533489
2.3765302,2.617796,2.116554,3.093616
2.3630807,2.344388,1.7729224,2.9061754
2.0138338,2.0639815,1.3941642,2.5349176
1.8190742,1.7652974,1.2170013,2.3198855
1.7955627,1.7840471,1.2634478,2.3440554
3.9862552,2.6744387,2.124996,3.2369277
2.5977259,2.7390692,2.1403294,3.264457
2.0529826,2.2564929,1.6228523,2.7607913
1.8358516,2.0839338,1.5575589,2.6829934
2.0338664,2.1261938,1.5890168,2.6268861
2.228806,2.0034409,1.4861937,2.5692954
2.4504619,1.9260149,1.4100628,2.4510055
1.8344002,1.925431,1.3886478,2.444797
1.6842126,1.9988829,1.4787042,2.5466099
2.5715938,2.3273954,1.736512,2.8938255
2.1779854,1.9613298,1.446784,2.5295343
2.0482311,1.7959888,1.271552,2.436968
2.0400121,1.8659177,1.2569982,2.3913531
2.1191463,1.9531317,1.3638903,2.5252268
2.009936,1.9608428,1.4012183,2.5097747
1.8209743,1.7847687,1.2354982,2.364704
1.6887293,1.988655,1.3320608,2.5726306
1.7074683,1.7421765,1.1672337,2.2641995
2.489339,2.6689188,2.0749953,3.2860625
1.9357593,2.2184463,1.6774061,2.8007762
1.8775582,2.3803115,1.8317367,2.8823783
3.80521,3.982406,3.5065448,4.469608
3.278504,3.3975558,2.842012,3.9431014
2.8729746,2.817041,2.2267632,3.3779511
2.5109053,2.301169,1.7444899,2.8459985
1.9287193,1.8230832,1.298497,2.3782318
1.7837917,1.9145977,1.3332857,2.5055192
4.2162,3.817498,3.291213,4.327003
2.5961773,3.2503042,2.6778746,3.8213434
2.3211281,2.8181913,2.2789118,3.3392417
2.2211182,2.8194113,2.305401,3.3304703
2.5391657,2.5337863,1.9057509,3.0995326
2.1396542,2.1894438,1.7116772,2.6526198
1.9310008,2.355918,1.7901086,2.8960981
3.887687,2.8195834,2.2684927,3.3790658
2.9955494,2.5986078,2.0529027,3.1749196
2.3397737,2.590138,2.0259743,3.1666875
2.249989,2.5209124,1.9584187,3.051185
2.255054,2.4642167,1.8537965,3.1232436
2.2554412,2.1901264,1.6253207,2.731929
1.8497621,2.3527138,1.7798511,3.0081
1.9629823,1.9084749,1.3492578,2.532884
2.2928843,2.539035,1.9648442,3.131756
1.9913427,2.1850524,1.6002078,2.7368658
1.9343584,2.2981474,1.7066163,2.9600701
2.7656388,3.5648084,3.0080333,4.137466
2.5020275,3.1002207,2.5374353,3.6494818
2.3255754,2.5594933,1.9582286,3.1407237
2.2222428,2.1895156,1.5636495,2.7296214
1.8378971,1.6535624,1.140277,2.1930325
1.7394078,1.8186814,1.2450154,2.4795218
4.2808456,3.1075814,2.4976676,3.668803
2.7870684,3.2560275,2.666353,3.8335664
2.318343,2.7188864,2.2055175,3.2610893
2.0944,2.3446152,1.8179401,2.8459933
2.0209973,2.410582,1.9631569,2.8835552
2.2824914,2.2705927,1.6910189,2.7806876
1.9204314,1.9117573,1.344691,2.4908755
1.7510315,2.0141864,1.3739731,2.6162858
2.423092,2.3236322,1.6679347,2.8778942
2.5572138,2.0817277,1.5419376,2.6127765
2.1662588,2.1292253,1.5196668,2.7392073
2.0032463,2.0641367,1.452679,2.6609833
2.1060495,2.034113,1.4596434,2.5971768
1.8610089,1.8689731,1.3129517,2.4375165
1.6139379,2.0453477,1.4468645,2.6303573
1.6778843,1.7405056,1.1779099,2.3476944
1.9533806,2.0356,1.4952397,2.6003115
1.7809042,2.0359359,1.4558651,2.6127956
1.7422769,2.0850031,1.5083411,2.582625
2.0141656,2.378218,1.8687104,2.8711536
1.9264095,2.1800861,1.5306993,2.7042184
1.9422853,1.8254976,1.2114192,2.3813329
1.8380175,1.6495708,1.0092665,2.2031667
1.6480135,1.7382604,1.0581802,2.2866101
2.0006354,2.4507039,1.8585806,3.0379055
1.7122592,1.8250706,1.2688934,2.4690466
1.9334158,1.8549331,1.3797928,2.4270406
2.0099993,1.8828027,1.2991005,2.4446409
1.8335596,1.9812475,1.4207748,2.6487935
1.8629055,1.8004934,1.1298176,2.381056
2.1171236,1.74361,1.1940696,2.267977
2.1427596,1.7250954,1.2183981,2.300998
2.0236466,1.8195554,1.2183142,2.3451707
2.052623,1.9287844,1.3797742,2.4099638
1.8655419,1.9178613,1.3097963,2.4574218
1.799222,2.041023,1.4703051,2.660728
1.5750288,1.761902,1.2348378,2.278257
2.364213,2.371608,1.8658384,2.869604
1.8592469,2.0298545,1.4793165,2.648747
1.8302565,2.1784518,1.6186241,2.7883885
2.6801333,3.329534,2.8068902,3.88389
2.4131842,2.915737,2.2678063,3.4547231
2.2520049,2.4388266,1.8507348,2.9057887
2.1052828,2.0780892,1.5026627,2.6431472
1.7797103,1.5444814,1.0967269,2.0078855
1.6180053,1.7063352,1.1205962,2.2716517
3.675173,3.0073838,2.4804983,3.519339
2.5232282,3.1604786,2.6504421,3.7018476
2.4070764,2.5913253,2.0319338,3.1227436
2.2510755,2.3041277,1.7088978,2.891989
2.2484508,2.3543022,1.7032127,2.8836758
2.2667246,2.1757698,1.6660129,2.713793
2.1458123,2.002006,1.46477,2.5441935
1.8099726,1.8338983,1.174191,2.432102
1.5968282,1.9374874,1.4234735,2.4222176
2.3819017,2.2783723,1.7904005,2.7914963
2.3584185,2.156942,1.7154995,2.6466992
2.3181581,2.1850402,1.5803509,2.694806
2.1770003,2.0534785,1.5406898,2.5658803
2.1839721,2.0493634,1.4728988,2.6339636
1.7455275,1.8395673,1.3837146,2.3763258
1.5179192,1.9637961,1.4295893,2.5182443
1.6128894,1.6099555,1.0483189,2.2166297
1.5669091,1.9203016,1.4320294,2.4224195
1.6865349,2.1722906,1.6536713,2.677809
1.7933706,1.7928398,1.2169788,2.367029
1.6967812,1.5523793,0.9847141,2.132972
1.4625274,1.332359,0.7217299,1.8491111
1.4173154,1.3849487,0.83135885,1.9865712
2.1665165,2.6065814,2.0278091,3.1262329
2.0307813,2.1213605,1.4810787,2.6917148
1.8204277,1.9411232,1.3952897,2.5503907
1.9226737,1.9433299,1.3437054,2.5727975
1.9969093,1.8784832,1.3713278,2.3693144
1.9356399,1.7992198,1.3044643,2.343854
1.7255895,1.7473009,1.2302483,2.3253002
1.5911896,1.78628,1.1688302,2.3516152
2.182338,1.9644376,1.4296784,2.4676108
2.0004275,1.8209625,1.2717156,2.4010668
2.0494986,1.8319678,1.2894764,2.339864
2.034253,1.8895271,1.3744135,2.4681356
2.046587,1.8357759,1.253605,2.4150016
1.8694556,1.7672288,1.0641963,2.3712237
1.6424208,1.9381567,1.4086835,2.4554663
1.5198015,1.531924,1.0097538,2.1537561
2.1767561,1.9077501,1.3298095,2.4494548
1.4771063,1.4254555,0.8781427,1.9830432
1.6190454,1.5046697,0.97913426,2.0641925
2.5486002,2.677939,2.086007,3.1893759
2.277262,2.394725,1.8107903,3.0545366
2.3968756,2.5496838,1.9507297,3.0976012
2.2315152,2.0333574,1.4669698,2.6298475
1.796021,1.6987488,1.1025051,2.2483776
1.3245343,1.8228972,1.311287,2.3924553
2.290725,2.3324592,1.8619379,2.8518822
2.2255943,2.1085367,1.560163,2.6076572
2.3762517,2.2537942,1.7143675,2.7670636
2.3726082,2.0871255,1.5396042,2.6666625
1.8008163,1.7391875,1.1372383,2.2438738
1.265287,1.810462,1.229807,2.4273722
1.4809259,1.9057908,1.4022759,2.4333475
1.7597475,2.1109715,1.5441977,2.715175
1.9299989,2.1048799,1.5537382,2.673716
1.6267723,1.4999067,0.9105911,1.997364
1.5618169,1.579821,1.0283135,2.100052
2.0424855,2.4488246,1.7962017,2.9805179
2.034514,2.4706883,1.9363817,3.016523
1.9247459,1.7975103,1.3354338,2.2721648
1.5966417,1.8757422,1.284587,2.3587694
2.2221694,2.1963277,1.6754321,2.698975
2.177288,2.2814753,1.6410061,2.7993374
2.2686882,2.1068368,1.4947102,2.7178643
1.8333769,1.7338605,1.1434389,2.217688
1.4016793,1.9159148,1.3357961,2.5255725
1.0554264,1.625732,1.014852,2.155557
1.6734809,1.571702,1.0604616,2.1956043
1.7970262,1.9582338,1.400982,2.5985532
2.2632377,2.0652583,1.536284,2.6272092
1.8599885,1.6996529,1.1541739,2.2207413
1.9861186,2.0502,1.4951731,2.5482178
1.7490393,1.9159361,1.3462044,2.445564
1.7350055,2.0026057,1.4961959,2.5676386
2.2522664,2.5834327,2.0337083,3.1500962
2.062471,2.2811735,1.6787388,2.860867
1.8461959,1.8984271,1.2703365,2.442352
1.6997719,1.5127608,0.98500323,2.0753906
1.6353811,1.6248059,1.1404686,2.1831186
2.267165,2.7889967,2.2553065,3.3456147
2.4360807,2.285282,1.7279509,2.873257
2.2659588,2.0927286,1.396112,2.7046397
1.8485438,1.9970202,1.4445108,2.4915314
1.9555634,1.940763,1.3269842,2.5329342
1.8893461,2.014671,1.4357998,2.5953548
2.26516,2.172102,1.5254102,2.7040846
2.0500343,2.0864544,1.5441396,2.6340477
2.0047426,1.9393524,1.3905443,2.4896455
1.8323895,2.1611495,1.5565064,2.6023595
1.8626575,1.7696066,1.2500811,2.3502605
1.7501307,2.5529544,2.0302248,3.0683966
1.6118611,1.8957143,1.3302466,2.463937
2.929037,3.5802026,3.0490055,4.1444025
2.9857805,3.2378283,2.6809182,3.7767885
2.8606668,3.4019842,2.7600377,3.9128497
2.2080362,2.1195827,1.5569818,2.655394
1.845745,2.3021934,1.6939507,2.856725
2.9600613,2.8111048,2.220817,3.4319408
2.3381743,2.1892686,1.5977043,2.7401454
2.2047114,2.3364952,1.7684585,2.8885956
1.8842033,1.8862853,1.3789178,2.4599428
2.3395042,3.342724,2.71508,3.8655012
2.204261,2.8078158,2.2107577,3.4042618
2.340111,2.4580848,1.9763813,3.0222216
2.1141343,2.4430811,1.8995281,2.9660122
1.7140267,1.700301,1.1253229,2.335973
2.9253163,2.4384854,1.9046792,2.9960735
2.3477094,2.171214,1.6320951,2.6822395
2.5391185,2.2693083,1.7200007,2.7762945
1.6112733,1.8524327,1.21007,2.3833306
1.7023233,1.6114231,1.0765564,2.2038784
1.420778,1.351168,0.8047618,1.894662
1.3655324,1.4208885,0.9108558,1.9761811
2.415806,1.8228303,1.155122,2.3798742
1.8887825,1.5214283,0.91282725,2.1646974
1.3552196,1.5477486,0.9801407,2.1124341
1.3740602,1.4798484,0.90756327,2.08198
1.3521619,1.6060736,1.0211176,2.182365
1.5264171,1.9259217,1.3616453,2.455316
1.441046,1.6750627,1.1211697,2.2482405
1.566901,1.4599221,0.9292899,1.9533106
1.4081566,1.2658497,0.70528615,1.7817594
1.2630668,1.1149824,0.51116025,1.7563766
1.2599078,1.1902969,0.47855115,1.7913063
1.7094834,2.2096884,1.6450528,2.7168849
1.7959318,1.7478925,1.1843655,2.3635037
1.7593434,1.6656921,1.0841451,2.1990533
1.714783,1.6200649,1.097993,2.1756291
1.6843638,1.5720826,0.9778096,2.1395814
1.7736217,1.4711697,0.89501226,2.0554771
1.453085,1.4975652,0.94316095,2.0865555
1.4009811,1.5418707,0.9692538,2.1042097
1.622746,1.6188127,1.111873,2.1769276
2.090092,1.5690979,1.0303915,2.176095
1.9528714,1.5720477,1.0170506,2.2229965
1.8108695,1.5963722,0.99919933,2.1168985
1.7636223,1.6420761,1.0565699,2.2271602
1.4551153,1.5940938,0.98110354,2.164388
1.2704881,1.6340529,1.1230333,2.2547722
1.1984516,1.3908753,0.9206574,1.8191137
1.6915694,1.8621632,1.3386881,2.3206382
1.5219922,1.696626,1.1944442,2.2390811
1.4690487,1.8808103,1.303016,2.516119
2.2151563,2.4730062,1.9959483,3.041064
1.9794114,2.1589062,1.6364967,2.70189
1.9005781,1.8053615,1.2579468,2.3599975
1.7050498,1.5384965,0.92718446,2.1035762
1.635195,1.2792524,0.75517845,1.7909405
1.6102817,1.4285809,0.8130077,1.9967843
1.7257216,2.6003928,2.080342,3.1452878
1.8575035,2.0946832,1.515439,2.634138
1.9509691,1.9815067,1.4525521,2.5193877
1.992856,1.8973444,1.391695,2.406674
1.9806659,1.7898085,1.2348156,2.3994906
2.0565572,1.7753928,1.1299539,2.3846235
1.725294,1.6609769,1.1454167,2.2035868
1.5764804,1.7805412,1.1683728,2.2771325
1.5046049,1.9272298,1.3453141,2.500656
1.7412038,1.8784064,1.2383674,2.4207718
1.9649774,1.8410828,1.2895192,2.3510265
1.5226324,1.7193085,1.2040172,2.1938818
1.4926031,1.8840642,1.3304302,2.4501286
0.83307266,1.009093,0.38199547,1.5460707
1.4330413,1.4940983,0.9680316,2.0370684
1.4289101,1.3067921,0.7079593,1.8401229
1.189059,1.4504747,0.8338016,2.0710719
2.045771,2.3278883,1.777321,2.7864957
1.7044238,1.9635482,1.3923001,2.4571364
1.5304615,1.5003486,0.89460266,2.0527885
1.3753499,1.2308416,0.7143197,1.7288003
1.5424125,0.9292032,0.3781482,1.492491
1.2875199,1.034033,0.44412765,1.584158
2.8530645,2.5028465,2.0090604,3.0521572
2.1789906,1.9934878,1.3891803,2.5845718
1.4338324,1.7630461,1.1367891,2.337555
1.6011693,1.7852979,1.2445297,2.2841444
1.643574,1.6319417,1.0969455,2.240295
1.6501205,1.4234232,0.8947202,1.9626164
1.429468,1.3627695,0.8574863,1.9109726
1.2258357,1.4589305,0.90452224,2.0665076
1.1284068,1.77476,1.1842439,2.3657944
1.3760762,1.6923141,1.1660577,2.2255356
1.4144907,1.6808522,1.0433477,2.2654371
1.4653004,1.6621149,1.184542,2.1946461
1.4513769,1.5806073,1.0247796,2.2295327
1.2667735,1.3712016,0.7941862,1.8988627
1.1723866,1.5699502,1.0011659,2.0914617
1.1139294,1.236434,0.62042814,1.7619812
0.868674,1.4205285,0.8116744,1.9791976
2.0212722,2.3838227,1.832007,2.9343631
1.5956626,1.9614089,1.3493222,2.4866056
1.6050767,1.5533005,0.9540772,2.1076593
0.97840536,0.9952085,0.5039773,1.5253738
2.289383,2.0475485,1.5336528,2.6081955
1.4879586,1.8179327,1.2839862,2.3390338
1.5513692,1.7926654,1.252058,2.3461318
1.1756305,1.2994074,0.73955864,1.8309108
0.99435616,1.4565948,0.8913944,1.9831944
1.164666,1.458408,0.9661286,2.03135
1.0940974,1.2708589,0.80329967,1.8077796
1.1067027,1.4069306,0.8856026,2.007165
1.8036748,2.2292116,1.5885001,2.742603
1.5933839,1.8238121,1.3236632,2.3500412
1.752171,1.3971797,0.8565751,2.0608392
1.6281022,1.2049583,0.67163426,1.7191551
1.503488,0.8481714,0.25506988,1.4172462
1.5085266,0.9419134,0.36434987,1.4730204
2.7936583,2.4685526,1.8858604,3.0365686
2.667291,2.5457075,2.0052602,3.0752342
2.205727,2.0492098,1.5753136,2.5497382
1.9871175,1.843265,1.2729163,2.3627298
1.7694478,1.8019845,1.2494373,2.3283148
0.9631261,1.2224406,0.6621205,1.8545283
1.3436333,1.2764543,0.7348651,1.830357
1.1401851,1.1397628,0.5471796,1.7193631
1.1574023,1.3205309,0.7459583,1.8841805
1.5812247,1.8475267,1.3110952,2.36082
1.4000893,1.6433182,1.0383558,2.200639
1.6496499,1.2641401,0.71501195,1.844561
1.4740864,1.0510697,0.52684283,1.5652212
1.2012011,0.8240335,0.24798417,1.4100422
1.2654569,0.9070065,0.4120766,1.4049001
2.4483652,2.148101,1.6361881,2.7054663
2.590342,2.2405593,1.6855426,2.8023593
1.8362163,1.7119002,1.2215085,2.2332375
1.5368389,1.5465006,0.94569355,2.0808098
1.4069824,1.5937512,1.0157672,2.1966875
1.4530065,1.4624586,0.8942139,2.007974
1.5407989,1.2735807,0.7118611,1.8279454
1.2842417,1.2649094,0.6058451,1.8339212
1.2239097,1.3664535,0.8229466,1.9436252
1.4657811,1.9594078,1.4116262,2.5655658
1.0992657,1.6320424,1.088087,2.174198
1.1852382,1.5127302,1.0156387,2.045314
1.1904012,1.5053825,0.9170404,2.0701184
1.3364882,1.4895538,0.922593,2.0701556
1.3453346,1.3941039,0.83805776,1.8775755
1.2790442,1.3228383,0.815587,1.9035019
1.1923702,1.486285,0.92740285,2.0172863
1.1008854,1.1257927,0.6029616,1.6277481
3.1488376,3.4609575,2.8725963,3.9922438
2.581678,2.9749222,2.3934479,3.5504436
2.4387393,3.0066652,2.4942298,3.506025
4.206282,4.9067683,4.331609,5.4521446
3.5493855,4.3918223,3.8203032,5.030491
2.9225202,3.808621,3.214819,4.4212875
2.9502506,3.2249854,2.7098138,3.7972088
2.3305497,2.5272238,1.925699,3.0588353
2.2705739,2.4675245,1.8733846,3.0173454
4.538493,3.8878293,3.1948757,4.432707
3.8223588,3.9637344,3.3927996,4.6065536
3.470253,3.5471945,3.0159268,4.1302056
3.0227108,3.1279838,2.5968196,3.6109824
2.670455,3.2679703,2.755847,3.8170261
2.7646482,2.744276,2.2242477,3.209766
2.286983,2.399556,1.9327615,2.9375253
2.128858,2.424157,1.8567655,2.9844918
2.5374417,3.2609794,2.647495,3.8576188
2.4551752,2.8557584,2.3145201,3.3492064
2.5463707,2.6044915,2.1112957,3.181239
2.435583,2.7453647,2.1517634,3.282591
2.4611661,2.6207483,2.119358,3.1868768
2.5209415,2.6039743,2.0158556,3.1849701
2.1431289,2.2242544,1.7274339,2.7808352
1.9353529,2.3544426,1.8767377,2.9035192
1.8789506,2.1617317,1.5691489,2.685589
1.4073787,1.373254,0.85815436,1.8865708
2.9558165,2.2350855,1.6838171,2.798238
1.937823,1.967918,1.3658911,2.5363219
3.2858555,2.1212873,1.648862,2.6574588
1.5205535,2.2143662,1.6855642,2.7884414
1.3033926,1.6819854,1.1380283,2.236968
1.4613372,1.5890946,1.0528991,2.1605625
1.6462473,1.4846164,1.0206168,1.9903901
1.0706987,1.5821483,1.0393721,2.1522067
1.3494223,1.4512502,0.91578215,1.9868106
1.3279766,1.4551083,0.8906307,2.0448835
1.4608201,1.3897961,0.82723814,1.9175452
1.5328119,1.2326052,0.6984529,1.8129346
1.298427,1.1399302,0.6097169,1.6325969
1.2417883,1.2818215,0.65073127,1.8058518
1.3239964,1.0175151,0.44170967,1.5940685
3.1652112,3.1367493,2.6328902,3.6853306
2.4599109,2.8116791,2.1869082,3.3517907
2.7465096,2.4822385,1.8066415,2.9965858
2.646603,2.172018,1.5925531,2.7665582
2.1070323,1.8147378,1.2440993,2.4188867
1.688688,1.8521638,1.3281987,2.3934484
3.2818117,2.601372,2.0539355,3.1495929
2.5249507,2.7132382,2.1562407,3.293354
1.9663405,2.2051594,1.663981,2.7175727
1.9183125,2.0336988,1.5149908,2.5460052
2.3071258,2.0941768,1.5595739,2.6970487
2.213224,2.0088263,1.4544439,2.5561028
2.297302,1.9483387,1.4363596,2.513465
2.0144095,1.8564125,1.3188614,2.4069698
1.9252557,1.9127312,1.3475239,2.4742396
1.9319474,2.2796388,1.7343255,2.7850153
1.7364573,1.9107983,1.3413259,2.494858
1.7693739,1.7320789,1.1155204,2.3208342
1.8376114,1.7864578,1.2718354,2.3120522
1.9744437,1.9057546,1.3510537,2.49958
1.9099258,1.9147087,1.3547465,2.3613417
1.6852632,1.7525909,1.1962836,2.3155146
1.6292338,1.8655809,1.2828707,2.4490921
1.4933487,1.6903192,1.1302546,2.3128378
2.2475195,2.3836112,1.805521,2.9389014
1.9395125,2.1167986,1.5949017,2.663669
1.790643,2.2110734,1.6343584,2.7685676
2.840438,3.0184264,2.4077852,3.6166096
2.4258995,2.660327,2.070558,3.1874874
2.7348433,2.4893572,1.9177418,3.0024686
2.8375404,2.1586497,1.5682473,2.7061236
2.210384,1.752157,1.1845236,2.387504
1.8021414,1.832181,1.2554746,2.3893893
2.0010684,2.2823293,1.7397736,2.8404927
2.131944,2.1945329,1.6330881,2.6880798
2.3610914,2.0462635,1.414726,2.5815735
2.4349148,2.0196002,1.3818512,2.5784085
1.8687062,1.9191746,1.4004247,2.4349604
1.9492755,1.9932282,1.4037778,2.584847
1.6853356,1.9748138,1.3948355,2.5984712
1.9829631,1.9610932,1.4603306,2.5132637
2.0848403,1.9911059,1.3747653,2.5059564
1.6694678,1.9214946,1.3558998,2.4863322
1.4786165,1.9831253,1.4396266,2.4810805
1.4515952,1.7785033,1.2192415,2.3701873
1.7531729,1.8927546,1.2898833,2.4042928
1.4213266,1.8399609,1.1841786,2.3987503
2.1259825,1.6424003,1.1155372,2.142561
1.741674,1.4650578,0.86192065,2.0481815
1.4940525,1.5165191,0.8969247,2.0748842
1.7959347,2.1580849,1.567164,2.8259232
1.3893425,1.6775959,1.1550353,2.2362745
1.7467092,1.6555114,1.082723,2.3008606
1.8736324,1.6382529,1.1048306,2.1287456
1.7683566,1.5842432,1.0697385,2.1055703
1.4423678,1.5470467,0.8896761,2.105822
1.5591612,1.6342723,1.1004465,2.0949063
1.3830246,1.5126821,0.9230004,2.0476062
2.5890872,2.4964218,1.9672823,3.1591086
3.9089782,3.9241488,3.3013678,4.5324745
3.30533,3.3978913,2.849423,3.9233122
4.36489,3.3921576,2.8293173,3.9354517
3.3840394,3.5388947,2.9959147,4.11932
2.7259371,2.9368002,2.2853618,3.520387
2.4473188,2.6327631,2.0834675,3.1991222
2.215713,2.2824247,1.7184453,2.8073988
2.5036907,2.309362,1.847155,2.837012
2.2036004,2.542521,1.9788035,3.085915
2.4917808,2.394938,1.8289567,3.023143
2.684044,2.3977613,1.7982684,2.9075096
2.1852565,2.1967726,1.6039616,2.7913375
1.8908843,2.3000915,1.7102846,2.7798982
1.8820314,2.026008,1.4686357,2.5481699
2.0442219,2.6238294,2.022653,3.2039685
1.6310744,2.3274348,1.7332652,2.875983
1.41809,2.382308,1.7715527,2.95034
3.3487957,3.2243054,2.6595519,3.7994533
3.0954127,2.8174076,2.2900586,3.3165803
2.929462,2.5501134,1.882199,3.1499162
2.2615457,2.0837016,1.5109242,2.6759303
1.5527811,2.1465368,1.4998401,2.7174516
3.272423,3.9587967,3.4358804,4.577007
2.5179448,3.2453785,2.5936418,3.7662487
2.4803643,2.9420712,2.449583,3.4115326
2.8618164,2.9846826,2.4834762,3.514195
3.3969831,2.924162,2.391765,3.4386349
3.3354483,2.6892593,2.1788034,3.215669
3.3872252,2.762587,2.2450788,3.3586454
4.3066525,3.5884295,3.0032897,4.151963
2.8157182,2.949542,2.439897,3.4804478
2.3874292,2.716577,2.1485636,3.3168406
2.4556828,2.7645898,2.1985133,3.3771336
2.6291618,2.8527741,2.3294313,3.4385827
2.4790928,2.9443655,2.3901086,3.4664807
2.4828205,2.6984265,2.1120424,3.2640696
3.2384233,2.7977588,2.295382,3.3599656
2.302075,2.2934434,1.7555447,2.9053175
2.5288982,3.1285193,2.5523462,3.7060406
1.5653973,2.826392,2.2006524,3.4311948
3.3119025,2.9945056,2.4358435,3.564986
2.2860572,2.5025218,1.8992913,3.0919034
1.6011146,2.441354,1.9209948,2.971617
3.473265,2.8898766,2.3855643,3.4135375
3.232723,2.9730685,2.4478729,3.5371237
3.0240183,2.9910243,2.4235072,3.5741131
2.0924506,2.6047778,2.0141459,3.0901775
1.8332992,2.2942216,1.8268578,2.868232
1.7550552,2.436888,1.8925083,3.0031776
3.3888667,3.545137,2.9494114,4.1598063
3.2042387,3.123085,2.561733,3.7633042
3.2644732,3.1971345,2.6104133,3.7606733
2.8335931,2.716508,2.145649,3.3876665
2.4528348,2.4666657,1.9359843,2.9324734
2.084564,1.9115001,1.2743577,2.4795747
1.8069985,2.0085168,1.4575351,2.589886
3.4289944,3.914799,3.2527502,4.4876885
2.9106908,3.2676697,2.7095716,3.7911232
2.5496361,2.913891,2.3620105,3.3807907
2.7727892,2.9851131,2.3797116,3.5780299
3.4384208,2.7951958,2.3487864,3.3821287
2.870146,2.6141422,2.1237473,3.1377447
2.1082299,2.6760778,2.1421866,3.2542617
2.7393441,2.9905646,2.3319335,3.6505885
2.408971,2.7066443,2.1487637,3.2416086
2.7539442,2.802279,2.2409189,3.415584
2.8365366,2.7214625,2.1772943,3.265615
3.138971,2.282492,1.7157466,2.7450104
2.3404582,2.764224,2.1718128,3.3818834
1.5390897,2.3193836,1.8425086,2.8574564
1.115588,2.4077227,1.9108738,3.0042045
4.281919,4.3573427,3.71728,4.947359
4.089861,3.7739763,3.2021687,4.3111343
3.4388082,3.2824929,2.6930964,3.8696494
2.7249594,2.7549243,2.1052887,3.344967
1.7544578,2.0614142,1.5102557,2.6107702
0.83694136,2.0893836,1.5221125,2.629946
4.393651,4.640663,4.0823536,5.1903753
3.6091936,3.943469,3.461164,4.498638
3.1848335,3.5367026,3.0795681,4.085527
3.4096432,3.7918627,3.2282743,4.384382
3.3252678,2.8610132,2.3269775,3.4470723
1.5127245,2.924761,2.4468122,3.4953392
4.1425753,4.319305,3.7868478,4.909221
3.622524,3.7005274,3.155436,4.1983204
3.1475217,3.2630126,2.7826803,3.842152
3.219804,3.492851,2.9860604,4.044056
3.5420654,3.3926544,2.841371,3.9362676
3.5574832,3.2952557,2.7442584,3.8743377
3.403518,2.8500867,2.255228,3.364504
3.0563533,2.9971926,2.395109,3.598821
3.079385,2.6332455,2.162899,3.197777
3.361422,2.4068642,1.8669387,2.9762404
1.5981737,1.9284157,1.3118122,2.4761822
1.3614988,1.9452776,1.4604712,2.447798
2.1096501,2.3424163,1.7830532,2.8783982
2.7524824,3.0624008,2.5309925,3.587049
2.5992148,2.6681013,2.1579416,3.2022922
2.7280335,2.3243232,1.821616,2.9086742
2.2795513,1.9220238,1.3957641,2.4793842
2.6383126,2.9403806,2.3460882,3.5014367
2.4681034,2.4073267,1.8205981,2.9929762
2.4565477,2.1826563,1.6352707,2.7315586
2.6585703,2.2044654,1.6900927,2.7345974
2.6116292,2.1522872,1.5839943,2.6904233
2.1143343,1.9014717,1.330315,2.410081
1.8274016,1.961888,1.3543383,2.4983873
1.7075588,2.0909488,1.5060858,2.7005012
2.059561,2.070153,1.52587,2.5706108
1.3680314,1.9803221,1.4550251,2.5764399
2.1715596,2.2466857,1.7320296,2.8973374
1.6423765,2.0626893,1.5284775,2.6178238
1.5365185,2.126916,1.5499486,2.703375
2.310779,2.533314,1.9723135,3.0418506
2.4429023,2.2253022,1.7073996,2.8370254
2.216168,2.0274673,1.4311559,2.5567243
1.9076934,1.6415613,1.1474539,2.2302125
1.6334151,1.768811,1.1807199,2.269623
4.114791,3.1100473,2.4294674,3.7355576
2.878277,3.218208,2.6324737,3.7731156
2.3863735,2.6631625,2.0874002,3.2295089
2.4540784,2.3835406,1.7588708,2.9406319
2.5176497,2.4347687,1.8451881,2.9661064
2.4758554,2.3664875,1.741136,2.9838612
2.5480433,2.3054876,1.761119,2.8775413
2.3713171,2.2066813,1.6575933,2.7527826
2.0663157,2.252911,1.7023515,2.866151
3.491698,2.887276,2.3434756,3.4943562
2.042506,2.3951142,1.7944105,2.9081857
2.2341616,2.2092855,1.5928125,2.827933
2.32012,2.2992818,1.7300705,2.8511763
2.4111311,2.302211,1.7505002,2.810869
2.4202912,2.344655,1.7953893,2.8921945
2.197209,2.1816218,1.5531181,2.6604059
2.0611699,2.3254335,1.7970371,2.807022
2.077846,1.9672191,1.3223102,2.5775642
2.2462516,2.164061,1.6662072,2.7955415
2.8987331,2.8847299,2.2277458,3.3898828
2.3099258,2.4977148,1.9159168,3.0777917
1.9485548,1.7752124,1.3237692,2.366316
1.6996185,1.4193844,0.84140414,1.9630631
1.4964525,1.439498,0.88125813,2.0176473
2.111631,2.3383217,1.6631567,2.9815798
1.8937336,1.94808,1.4099987,2.462867
1.9673741,1.7342066,1.1423169,2.3563821
1.9024806,1.6852516,1.0818225,2.2658772
1.94698,1.5935936,0.97745633,2.2210727
1.6747433,1.411567,0.7838427,2.0186672
1.3793193,1.4871321,0.96907693,2.0796528
1.1507777,1.4877751,0.9433062,2.078623
1.9773427,2.0755594,1.5543613,2.6891124
1.5876698,1.8208687,1.290417,2.4092705
1.4260828,1.878655,1.3943255,2.3493166
2.8529809,2.801564,2.3313978,3.3325856
2.2160258,2.4399142,1.9244874,2.9328632
1.8574474,1.7630099,1.1991796,2.2873816
2.7939184,2.9592428,2.4036453,3.4471838
2.0357533,2.3283176,1.7489173,2.90465
2.091547,2.1030161,1.5557585,2.641854
2.131316,2.1672318,1.6072767,2.7002487
1.7612331,2.038859,1.5041236,2.5730977
1.7150127,1.9572562,1.3593812,2.5563543
1.7424865,1.9904199,1.4768865,2.5822
3.4039261,3.1500695,2.5203397,3.707314
2.5604854,2.7016761,2.1627789,3.1865602
2.1755292,2.7362149,2.2358465,3.344078
4.158234,3.7690825,3.1194952,4.486242
3.2632291,3.485074,2.905446,4.037144
3.6210282,3.097032,2.5557048,3.6738114
2.4809754,2.509156,1.9421977,3.0580926
2.3216782,2.487348,1.9582781,3.0607693
3.5975852,3.227674,2.7080836,3.7862003
3.0842323,2.826068,2.2640016,3.4073336
2.6361454,2.8385348,2.2684908,3.452209
3.4275947,2.991095,2.4524088,3.52119
2.6657047,2.6822143,2.1285408,3.2973812
2.4333088,2.762771,2.1447861,3.2605157
2.6281018,3.0612698,2.4897113,3.5918255
2.3378248,2.617947,2.0492089,3.122612
2.2395017,2.571638,2.0284357,3.2096255
4.1830087,4.214188,3.6483598,4.803002
3.728694,3.7248154,3.1287725,4.2744193
3.588858,3.8386219,3.2591145,4.4984503
3.5632463,3.300695,2.7332525,3.8978348
3.2069602,2.8773017,2.3190677,3.3968666
2.4620626,2.2759945,1.6553419,2.7817564
2.3393312,2.2724457,1.7860788,2.8106697
3.7082758,3.8338957,3.2834072,4.395484
2.3019764,3.311986,2.749472,3.830706
2.6214092,2.9525506,2.344364,3.4921582
3.1574101,2.9739296,2.4148011,3.522963
3.357375,2.837807,2.3102052,3.4587088
2.546132,2.4787886,1.9253782,3.0053864
2.422905,2.523725,1.9554855,3.0658588
2.170093,2.7988784,2.2498379,3.3719869
2.3973672,2.5442958,2.0176656,3.097185
2.5552986,2.6265905,2.1589127,3.1975348
2.7342668,2.7154849,2.179112,3.3190863
2.284765,2.3148723,1.7432522,2.8699887
2.223341,2.4610558,1.9378285,3.0181022
2.1076024,2.161211,1.616577,2.7416697
2.6165645,3.1687655,2.588655,3.676336
2.1639636,2.6814222,2.0629318,3.1834486
2.0591898,2.7038877,2.061097,3.3082626
4.0785236,4.41533,3.890395,5.0027432
3.7381516,3.876149,3.2551095,4.3948708
3.5901206,3.472305,2.865635,4.037268
3.3439825,2.9934912,2.3681033,3.4902685
2.353407,2.3401184,1.8100029,2.851958
2.1693757,2.3596854,1.795543,2.907996
4.5585985,3.8273668,3.3185434,4.359699
3.8168113,3.9081414,3.3442075,4.434598
2.2182286,3.3779879,2.8163643,3.921331
2.6682937,2.972104,2.3845818,3.587875
3.3141541,3.1495807,2.598212,3.7483587
3.1591702,2.7571561,2.1569002,3.3497655
2.4672081,2.4885268,1.9298242,3.0877938
2.3037567,2.5454443,1.8505597,3.1250226
3.8257692,3.356416,2.8344967,3.8945117
2.1195562,2.8115911,2.2219462,3.4078298
2.2993999,2.5832243,2.0029178,3.1912558
2.6566482,2.6827228,2.13954,3.2126877
2.5276873,2.6791816,2.1102405,3.2316334
2.6418197,2.6196516,2.0609999,3.1876512
2.560075,2.3852582,1.8429446,2.9832904
1.9755048,2.4388754,1.8342304,2.9690237
1.9374506,2.1581147,1.6104267,2.7743046
3.0556324,3.0907984,2.5388048,3.7138174
2.42387,2.8097894,2.333577,3.3449774
2.2998402,2.8460016,2.2400131,3.4206743
3.874398,4.0203657,3.496316,4.61031
3.4807925,3.5697215,2.9876554,4.1423817
3.5573616,3.5869536,3.04408,4.0606046
3.6821413,3.3139124,2.7407386,3.9327626
3.548844,2.9869213,2.4197123,3.586219
2.5484197,2.5277925,1.9267976,3.1042986
2.554511,2.5717041,1.9919996,3.1554272
4.534952,3.8486571,3.2422428,4.399772
3.3434246,3.9991097,3.4145072,4.555612
2.4023912,3.2820983,2.7683072,3.8115573
2.744226,3.0175357,2.4819756,3.5871613
3.4656224,3.1284504,2.6680326,3.6824822
3.6451104,3.037776,2.5099902,3.5735044
2.9160044,2.865197,2.2403,3.4538484
2.8240347,2.8955674,2.398802,3.4083338
3.8592947,3.4600852,2.8877373,4.039813
2.0898976,2.8936734,2.3428202,3.4107144
2.53038,2.6760645,2.0514474,3.2506392
2.9297223,2.8220756,2.2942243,3.3890052
2.9248714,2.9340658,2.3771055,3.5092406
3.0463588,2.9717267,2.4500284,3.5735958
2.623333,2.7764554,2.172602,3.4097562
2.33088,2.8736866,2.3085816,3.4018848
2.1712582,2.527501,2.0112941,3.125014
2.7040212,3.0180218,2.554664,3.6403174
2.5019016,2.6843066,2.138783,3.206949
2.1608822,2.4665687,1.9112173,2.9761424
1.9933927,2.5216348,1.981709,3.0790262
3.331243,3.4151404,2.8163416,3.9200177
3.236784,3.0086503,2.454722,3.6066668
3.130015,3.0205326,2.416009,3.5901153
3.2750766,2.7650645,2.1950626,3.325546
2.99865,2.5504067,2.035457,3.1760504
2.1971614,2.1038659,1.5410669,2.6362722
2.1056037,2.1898282,1.6209922,2.7542334
3.1187847,3.5602174,3.0197394,4.084363
2.133258,2.9291031,2.386256,3.4641645
2.5457232,2.6648417,2.139891,3.2061658
3.1305044,2.757046,2.2291327,3.305129
3.3848414,2.7029135,2.1049137,3.2958632
3.4070852,2.797697,2.2871618,3.3022463
2.754787,2.5959487,1.9900519,3.18478
2.4433608,2.6928642,2.1405535,3.1968358
1.8270955,2.6753376,2.1226437,3.292935
2.4009852,2.4802368,1.9291024,3.0199633
2.954545,2.4653769,1.8851948,3.0549066
2.8212042,2.6415153,2.1045043,3.1864452
2.8202922,2.7585413,2.1343448,3.359316
2.6669207,2.5646775,2.0080714,3.077606
2.6495407,2.7201319,2.140373,3.2222044
2.2319849,2.2887084,1.7089211,2.8448117
2.7221067,3.040532,2.56319,3.5799844
2.5861914,3.0874255,2.5469081,3.6085823
2.1498315,3.1432898,2.585505,3.7092597
3.2470605,2.9810932,2.4121006,3.5125043
3.0417995,3.1326613,2.6268613,3.6782842
3.2568302,2.6653214,2.123258,3.1975183
2.687861,2.8779163,2.3025782,3.4143012
2.496387,2.7216709,2.1291158,3.2590907
2.1893675,2.3190184,1.7310026,2.8582315
2.0024133,2.412596,1.7369449,2.9894133
3.478569,4.015834,3.47049,4.5970473
3.615979,3.424177,2.8758075,4.0373073
3.6094255,3.352384,2.742812,3.8702705
2.6394627,2.890418,2.2745514,3.445009
2.5832818,2.5197265,1.9157832,3.157524
2.056518,1.958799,1.3686955,2.468229
1.8231021,1.9789608,1.4710774,2.4659042
4.510775,3.9842944,3.441229,4.582018
3.905758,4.1406465,3.4832659,4.7047553
3.3568747,3.534659,2.9272833,4.07176
3.360165,3.111582,2.5201309,3.60768
3.9554968,3.2147412,2.6806355,3.7953749
2.960836,2.974791,2.428425,3.5190876
3.3093376,2.9215658,2.3599558,3.4728112
2.398439,2.5744162,1.9770229,3.1577365
1.8037632,2.5586994,2.031674,3.1058447
2.3944561,3.8130527,3.2625563,4.280555
2.0923183,3.2046988,2.57059,3.8400505
2.3201923,2.8991919,2.3830464,3.4176648
4.0391545,2.9996831,2.3950055,3.592319
3.7875214,2.8743467,2.3194697,3.4189866
3.1721585,2.9179826,2.3215199,3.4760084
2.558387,2.5877311,2.0316153,3.137003
2.1471672,2.735564,2.1104076,3.2917666
1.8123294,2.1811385,1.5546488,2.8067362
2.739971,2.9439857,2.418418,3.473796
2.5189505,2.589822,2.0220191,3.1967833
2.320514,2.6710176,2.1872551,3.173664
4.191729,3.918367,3.3353047,4.4724264
3.5788324,3.4134107,2.816185,3.9959984
2.91848,3.0563967,2.4908364,3.6179805
2.863397,2.7151432,2.1635785,3.3675706
2.6189651,2.2733052,1.7152066,2.8684556
2.6211083,2.2565186,1.688874,2.8077533
4.5033274,3.7008843,3.1896281,4.2848244
4.017166,3.805081,3.2284534,4.379638
2.9889796,3.2126594,2.7443736,3.7357562
2.2549403,2.93181,2.3884726,3.470138
2.3945322,2.9871361,2.3789248,3.5857265
3.3765244,2.8232615,2.1654453,3.4197707
3.3173125,2.6371179,2.0702288,3.2180533
2.5985677,2.6808197,2.074585,3.3198872
4.4483047,3.494459,2.843061,4.100057
3.0461805,2.9206038,2.409486,3.4815972
2.5510445,2.6178622,2.064423,3.1633327
2.1807365,2.724338,2.2101142,3.287986
2.6906085,2.6996763,2.1483543,3.255644
3.0507765,2.8202643,2.2957716,3.3770556
3.2732186,2.6105423,1.9683293,3.1710117
2.5833294,2.6893516,2.0789,3.2934356
1.9737914,2.3470113,1.7550843,2.8758578
2.58048,2.9929726,2.5273345,3.4759097
2.475771,2.6226132,2.0185573,3.294117
2.2783275,2.7435272,2.1934817,3.3022068
3.9153867,3.6213508,3.1591454,4.168164
2.9884982,3.1471925,2.6585581,3.6695573
2.8982494,3.0569003,2.4458623,3.6372268
2.5779934,2.8443255,2.3496518,3.4879894
2.5875294,2.6756427,2.132635,3.2115536
4.618626,3.5623019,3.0410376,4.093765
3.9642332,3.6512957,3.1311142,4.1896667
2.7065296,2.959698,2.4062884,3.4860268
2.1943126,2.6964757,2.084781,3.3316703
2.146383,2.733625,2.164413,3.3203716
2.4981575,2.6511,2.09769,3.2276318
2.8537385,2.4986768,1.9535635,3.0093474
2.4476726,2.6057405,2.021954,3.2994013
2.4205751,2.6441934,2.0524917,3.1819575
2.2098732,2.4325354,1.9098332,2.9053137
2.073443,2.490064,1.9235151,3.0467167
2.3274572,2.5958467,2.0293317,3.1747634
2.7612438,2.702406,2.0988252,3.3176506
2.9773645,2.4286652,1.8766083,3.0140955
2.4201603,2.5678763,1.950152,3.085276
2.035672,2.210099,1.7035619,2.7382123
3.492553,3.570199,3.0319395,4.108721
3.3801563,3.2528358,2.7523582,3.7601218
3.6039295,3.3058233,2.7004647,3.8665123
3.7986507,3.882411,3.313116,4.530773
3.0653436,3.4272482,2.8454306,3.9755874
3.1294718,2.9115725,2.3563673,3.46063
2.8503313,2.9080703,2.2162278,3.5590456
4.3298535,3.4726264,2.905825,4.010457
3.2407875,3.5120175,2.9868288,4.1396422
2.447833,3.0086863,2.4320488,3.6180813
2.9541533,2.750156,2.1421537,3.303283
2.928253,2.8573296,2.2647812,3.5138755
2.8692434,2.857598,2.3692153,3.3899662
2.6077394,2.7928438,2.2737308,3.4186482
2.3980987,2.987305,2.4496286,3.5428202
2.0385392,2.4853747,1.9330343,2.9811957
2.2263665,2.296573,1.7107295,2.8838778
2.4181285,2.408976,1.8261853,2.927889
2.5052342,2.589098,2.050878,3.0862682
2.5840495,2.576595,1.9215415,3.2153373
2.52283,2.5988889,2.015649,3.2619023
2.3001862,2.6361244,2.0445223,3.249141
2.1739511,2.5180748,1.953511,3.0784209
3.330653,3.4422457,2.8856752,4.0196066
3.5294712,3.2936194,2.6982706,3.8307722
3.5637338,3.2883606,2.7483273,3.847143
3.9061623,3.9227788,3.3331172,4.4003077
3.4294145,3.5989013,3.0925894,4.1266184
2.6535122,3.3530383,2.7284222,3.9990408
2.9812553,3.2367237,2.603599,3.8121514
3.2194853,2.947154,2.373607,3.514657
2.7204876,2.9291873,2.364475,3.5058355
3.789022,3.2766716,2.715071,3.7892635
2.57422,3.2402692,2.6755965,3.6961432
2.1360533,2.76679,2.2563894,3.2389605
2.4738212,2.538313,2.0017111,3.096956
2.9016325,2.5861797,2.0909326,3.1531966
2.7268794,2.716025,2.2199724,3.179146
2.689681,2.7368472,2.1625488,3.3661017
2.465994,2.7615151,2.2416174,3.3272514
3.2956705,2.804614,2.238577,3.4191444
1.8980167,2.340856,1.7979312,2.875743
2.0739722,2.2509146,1.7010772,2.7932646
2.261604,2.2695756,1.7042568,2.8742743
2.4919896,2.443238,1.8916154,2.9724946
2.714114,2.5983963,2.026987,3.104497
2.7516541,2.6247559,2.0938752,3.2307146
2.5080311,2.6715863,2.0791686,3.283755
2.1883013,2.6437793,2.0604753,3.207706
2.71783,2.4123137,1.8037355,2.9601789
2.6254282,2.380497,1.8415403,2.9668217
2.4827938,2.5545533,1.9897506,3.1873567
3.0510695,2.5801425,1.9670199,3.1248016
2.4124222,2.3936481,1.7641879,2.9426725
2.3833938,2.1511755,1.6174592,2.685203
2.1469238,2.1440933,1.5693017,2.748225
1.5099757,2.0334933,1.3846133,2.5922296
2.0171044,2.0827007,1.5343446,2.576876
2.1263123,2.116783,1.5062239,2.7380462
1.9954071,1.929691,1.2987809,2.5028002
2.1692312,2.027787,1.4644593,2.623398
2.2111278,1.9710144,1.4594171,2.4399946
2.1484299,2.0828574,1.4734864,2.6137695
2.0575402,1.9554138,1.2882242,2.4822166
1.8256803,2.2244675,1.6608684,2.8051288
1.7926356,1.9806209,1.4481251,2.5218892
1.9734336,2.1514697,1.6397698,2.7502036
3.322193,3.0525827,2.5004163,3.6951838
2.300944,2.6821275,2.0293374,3.3306222
1.8489876,2.1818552,1.6666216,2.6538427
1.7149463,1.9410106,1.4194617,2.5362725
1.8032299,1.5727756,1.0772818,2.0928042
1.8598912,1.6854501,1.0860115,2.2444308
2.056642,2.5340636,2.0208929,3.0903776
2.0407112,2.2985728,1.7828943,2.9439075
2.0669477,2.2797194,1.6430094,2.9221098
1.9062855,1.9832201,1.4499643,2.5501928
1.9646468,2.0472486,1.4969699,2.5803442
2.3057837,2.2724695,1.6951253,2.8442395
2.0317492,2.0978894,1.5862856,2.6010756
2.1845737,2.090995,1.5601859,2.663558
2.2566762,2.0905356,1.550469,2.637041
2.1229327,2.1102808,1.4960909,2.6874542
1.9824471,2.0990787,1.563921,2.6498227
1.9873992,1.7844009,1.1879418,2.3673456
1.8256803,2.2075317,1.7083911,2.7861845
1.7926356,2.0324972,1.5010053,2.6006546
1.9734336,2.1328018,1.4416348,2.7203753
3.322193,2.8818636,2.3174455,3.440567
2.300944,2.5799553,1.9873917,3.0820382
1.8489876,2.1448529,1.5707746,2.728108
1.7149463,1.8794181,1.2698358,2.4370966
1.8032299,1.5802493,1.0810049,2.1102076
1.8598912,1.6911094,1.1558212,2.2251086
1.9801726,2.4026537,1.8575546,2.9874895
2.0203488,2.2286177,1.7415437,2.7695825
2.0637703,2.220338,1.7291495,2.705766
1.9062855,1.8851421,1.2967775,2.3854504
1.9646468,1.9118956,1.2684393,2.471555
2.1610112,2.0167997,1.449837,2.5256667
2.1927028,2.042707,1.4628775,2.6274362
2.0235596,2.0993688,1.606615,2.666447
1.9830735,2.0692544,1.4182017,2.6627376
1.960063,1.7119544,1.132058,2.390867
2.3535407,2.569468,2.072567,3.0127325
2.0692613,2.4344158,1.9033751,2.957492
2.0127106,2.3653574,1.8116745,2.926398
2.0004518,2.2799962,1.7131413,2.8956673
1.8033556,2.1173093,1.6132785,2.638871
1.9381386,2.1691742,1.5839373,2.7524445
3.6174908,2.9728074,2.4349294,3.4909112
2.6284752,2.618185,2.0748036,3.1961327
1.8045694,2.068296,1.4764711,2.616891
1.8908485,1.730507,1.1810505,2.2847447
1.9535898,1.7651734,1.2213267,2.3103855
2.1064317,3.0784676,2.496557,3.6578386
2.0920787,2.4391527,1.7812192,2.990328
2.0899346,2.2801213,1.6895165,2.8165238
2.152935,2.3315427,1.7751305,2.906882
2.1137764,2.202841,1.5437884,2.8169491
2.0037298,2.0727892,1.590409,2.583431
2.115818,2.1331446,1.5642338,2.6551526
2.4159274,2.2013907,1.6336113,2.7833679
2.2167475,2.0658598,1.5665992,2.5474944
2.2372203,2.11233,1.6070428,2.651525
2.3835573,2.1263041,1.5317894,2.65282
2.1240528,2.1583776,1.6171591,2.638378
1.9556779,2.1006606,1.6458821,2.638345
2.0201778,2.149108,1.5750738,2.669628
2.077196,1.8779693,1.2871407,2.4976077
1.6029694,1.9294533,1.3686012,2.4685328
1.7051548,2.0982232,1.6047581,2.6336968
1.6081158,1.9168937,1.3363794,2.4309936
1.6358383,1.5059593,1.0058577,2.044888
1.7173891,1.6487128,1.0296559,2.1930153
2.1464133,3.0128722,2.4849799,3.5902705
2.0808594,2.4973433,1.9026413,3.1458142
2.0510216,2.1878688,1.5627551,2.78416
2.0720778,2.304604,1.763414,2.8810768
1.7374728,1.838864,1.3148439,2.3222468
1.8417889,1.8751984,1.3108721,2.4740894
2.314966,2.2709136,1.707214,2.776206
2.2759683,2.0362432,1.4456861,2.5827918
1.7852316,1.9533387,1.3491416,2.5433888
1.8654001,1.6113423,1.0602202,2.1652138
2.299078,2.560549,1.9820203,3.1419654
1.932857,2.192995,1.6760753,2.80203
2.3758714,2.3314216,1.721133,2.8915987
2.8510416,3.5794866,3.0076056,4.25943
2.910141,3.1536486,2.5674112,3.727273
2.150442,2.6020875,2.0520396,3.201266
1.8128194,2.202063,1.6525522,2.7002184
1.7745743,1.7879964,1.2807211,2.3508182
1.7954227,1.8643471,1.3624662,2.4416494
2.4058733,3.1389894,2.516625,3.7248077
2.2868385,2.6193333,2.0966463,3.177579
2.168844,2.4098601,1.9046407,2.9975197
2.0602775,2.405001,1.8849269,2.958711
1.8680515,1.9034122,1.3276814,2.4403174
1.9090581,2.0512493,1.5006833,2.5604954
2.1548762,2.3089643,1.7409836,2.7589858
2.4753475,2.157701,1.6191732,2.693731
2.443185,2.183705,1.6317416,2.8022237
2.4048274,2.1149507,1.6196414,2.6377962
2.3376076,2.096413,1.5232843,2.661501
1.8082231,2.0622687,1.5661994,2.622722
1.8178039,1.7915224,1.2345535,2.3836718
1.942905,2.0090766,1.388048,2.567929
2.0352783,2.1578848,1.6035326,2.7652571
1.9723629,2.0390842,1.5851319,2.5309703
1.8981153,1.6530576,1.1234584,2.2044106
1.839012,1.7106055,1.1517032,2.231606
2.1909184,2.2928426,1.669262,2.8144908
2.072168,2.0581062,1.512666,2.6368392
1.9146749,2.0464284,1.5475008,2.5867333
2.335428,2.120736,1.5985252,2.7015932
2.2268329,2.1014457,1.5697271,2.7188513
2.1166434,1.9267238,1.3831596,2.5005543
1.8841166,2.1367998,1.4936037,2.6900134
1.9228983,1.7929021,1.2167542,2.3451262
2.5009995,2.3552048,1.7850164,3.0166025
1.8911369,2.1274517,1.5187238,2.7422771
1.9588141,2.164557,1.5799305,2.7462654
2.984697,3.19965,2.59994,3.800502
2.32651,2.8389754,2.2820292,3.4234924
2.1096416,2.1497228,1.6076673,2.708098
1.9485424,1.707647,1.2338343,2.1949084
1.8194618,1.7689177,1.2871075,2.3479445
2.266602,2.9543781,2.3688745,3.4837844
2.091668,2.3724432,1.8427612,2.922436
2.1508436,2.1829147,1.6848087,2.7514176
2.139596,2.222016,1.6398467,2.836848
1.972742,1.9368738,1.42037,2.5502803
1.7753584,1.9570676,1.4173427,2.5936317
1.8845344,2.0771189,1.5344082,2.6511292
2.1261528,1.8916879,1.3466134,2.4211206
2.253743,1.9805489,1.4654408,2.4725711
2.243826,1.9845332,1.4117281,2.5478826
1.7719877,1.7730637,1.2765813,2.2480426
1.667953,2.0099738,1.3905195,2.536253
1.5398251,1.6954929,1.1010884,2.1975234
2.6297207,2.403726,1.9390633,2.8675814
2.1641731,2.3382292,1.8239992,2.9059358
2.147626,2.4164646,1.9106532,3.0101757
2.5875096,2.616565,2.0272536,3.16879
2.302183,2.6275668,2.0798678,3.207475
2.5099435,2.1810246,1.64374,2.7149427
2.2841058,2.063027,1.5229714,2.658328
2.2788305,2.1370118,1.6143721,2.6828277
2.4270768,2.3606117,1.769684,2.9328146
2.5642922,2.4954596,1.9550797,3.0461655
2.8173113,2.4806395,1.9587777,3.0625381
2.2712264,2.6463318,2.0769136,3.1542213
2.3669286,2.391767,1.8245924,2.9607925
3.0547318,2.864057,2.2591372,3.4633296
2.1327298,2.3989944,1.9370024,2.918988
2.100977,2.4731133,1.8969551,3.0044198
2.04776,2.9837482,2.429174,3.6157203
2.0724502,2.506968,2.0170097,3.0632548
2.0577219,1.9516895,1.3431435,2.5382223
1.9680381,2.0155113,1.4875585,2.5389948
3.2965775,3.3083267,2.6797955,3.8574913
2.3936079,2.8575606,2.2538097,3.3993573
2.2565622,2.517735,1.9093041,3.1509595
2.2453666,2.512663,1.9346089,3.0434508
1.9696628,1.9923183,1.3323563,2.583048
1.9876609,2.06093,1.5281649,2.549205
2.7346199,2.373094,1.8184869,2.916576
2.3314004,2.159446,1.594911,2.7962992
2.0292633,2.1612623,1.5914731,2.675878
2.298115,2.0716932,1.503228,2.6696703
1.8842621,2.0458114,1.521602,2.58732
1.9387637,1.8386328,1.2751784,2.4913135
2.4780288,3.2309418,2.703473,3.8040273
4.4149203,4.455385,3.8582551,5.056953
3.9100795,3.8883507,3.3162742,4.4975667
4.02874,3.90534,3.3274093,4.413131
3.9878983,3.4159255,2.8796322,4.0194187
2.0340278,2.9704309,2.4718716,3.5297992
2.474942,3.121387,2.6185975,3.6478484
3.0445657,3.2339153,2.7291644,3.7773402
2.0492966,2.8103147,2.2595868,3.2910678
1.9830866,2.5317862,2.0536377,3.0398712
1.969413,2.666797,2.1232896,3.201808
2.0697713,2.638829,2.0248597,3.2017817
2.2557504,2.6305747,2.0947673,3.1786153
3.2085643,3.3843338,2.7942705,3.8914876
2.141988,2.7996397,2.2799013,3.3687816
4.299284,4.8697343,4.31135,5.386124
4.110862,4.2383685,3.670616,4.805225
4.4858265,4.2056413,3.5777652,4.806393
4.2872095,3.6975808,3.1933854,4.209519
2.125774,2.4480333,1.88919,3.0477204
4.5661364,4.153571,3.5385842,4.800152
4.3184776,4.3378477,3.768653,4.9462194
3.3636029,3.7411716,3.1489604,4.3083687
2.8084104,3.349705,2.6821537,3.95401
3.260794,3.4719849,2.87854,4.054154
3.852759,3.242995,2.7142298,3.8743973
3.32891,2.6346676,2.0547767,3.1110342
2.2261133,2.6701257,2.203554,3.1179738
3.7507446,3.7387607,3.1948688,4.2787437
2.5568466,3.1916726,2.674395,3.7652457
2.5551414,2.8987157,2.3700614,3.4161036
2.5366259,3.040234,2.4620802,3.5913224
2.4162862,2.9734335,2.4380777,3.4591048
2.4411514,2.9543197,2.3912933,3.5077808
2.2619786,2.640112,2.0928009,3.174431
2.3117952,2.3196752,1.6906275,2.8486204
3.8166294,3.4191077,2.910564,3.9670954
2.4563706,2.9248846,2.3946002,3.492586
2.1831222,2.996041,2.4453375,3.5904107
4.4461174,4.6484957,4.1014323,5.191624
4.07484,4.1219535,3.4896114,4.7831564
4.3466015,3.7809982,3.2292352,4.3436627
3.6647348,3.2688394,2.7322106,3.8626175
2.3841007,2.6332853,2.1141973,3.2068942
2.0193446,2.6191351,2.1072652,3.0791852
3.717926,4.0194864,3.4488945,4.5438943
2.8304431,3.4187403,2.761965,4.001449
2.6487916,3.1234174,2.4585905,3.6815138
2.8549078,3.2365484,2.7024457,3.7494636
3.596573,3.048678,2.5909102,3.4746418
3.4343054,2.6674106,2.101556,3.2669635
2.107269,2.686751,2.082308,3.2340808
2.0429437,2.8349094,2.2264004,3.542541
2.3762999,2.634223,2.102692,3.1417737
2.4762962,2.7329102,2.2044315,3.2601233
2.5555024,2.7925956,2.2820275,3.3583636
2.7314892,2.8026218,2.2795708,3.488035
2.7368267,2.5026684,1.922055,3.0243986
2.3281329,2.608042,2.0429606,3.2103922
2.0979202,2.3715289,1.8282242,2.9188886
3.4155912,3.2596722,2.7007294,3.8590903
1.9335878,2.7003186,2.1639063,3.2627907
1.9486804,2.738343,2.1632357,3.2644298
4.245276,4.4112024,3.8408623,4.933378
3.8315663,3.9556463,3.4080672,4.538697
4.186181,4.025087,3.483619,4.5932903
4.3840837,3.6804438,3.1139877,4.2487144
4.154961,3.165732,2.6142807,3.766015
1.9740261,2.4522011,1.8184506,3.1052542
1.6547902,2.387518,1.8540589,2.9639502
4.3305244,3.4496107,2.7787077,4.026805
3.2519906,3.6426182,3.0490525,4.265533
1.8264225,3.0712266,2.4927244,3.619646
1.9551067,2.700508,2.1468787,3.3075466
2.615903,2.9303198,2.4055932,3.4918177
3.8978217,2.6980612,2.161797,3.236758
3.4409058,2.6879723,2.1855302,3.2201986
2.5243697,2.3166947,1.8058853,2.8221755
1.7901424,2.3070436,1.8103778,2.8448067
2.3958592,2.843808,2.362512,3.3840852
1.7252223,2.4622788,1.8046147,3.0405414
1.7665714,2.1901977,1.6142428,2.7932792
1.7957556,2.3359036,1.8309408,2.8984127
1.9734596,2.3690195,1.7768114,2.9319456
1.7800115,2.3630784,1.7334698,2.8910792
2.3131938,2.0897677,1.6026833,2.6196346
2.0518117,2.1559598,1.4977391,2.7841144
1.9766374,1.9943827,1.394541,2.5747204
3.3885014,3.3897622,2.811252,3.9344354
1.8612838,2.890979,2.2660267,3.5462377
4.245276,4.6098595,4.0595427,5.197894
3.8315663,4.1258435,3.5451884,4.7170014
4.186181,4.3048396,3.7196934,4.8217797
4.3840837,3.862716,3.3311026,4.4032984
4.154961,3.3071997,2.8238862,3.8614159
1.9740261,2.583055,1.9475964,3.1763372
1.6547902,2.522564,1.9808322,3.1106207
4.3305244,3.6381648,3.0924366,4.1615677
3.2519906,3.723897,3.1743813,4.290926
1.8264225,3.2488391,2.6896636,3.7970564
1.9551067,2.8641968,2.2298412,3.3988814
2.615903,3.0744321,2.500385,3.6716905
3.8978217,2.8933527,2.3396897,3.4202025
3.4409058,2.8198347,2.205326,3.4554205
2.5243697,2.4144247,1.860084,2.976588
1.7901424,2.3515687,1.816105,2.946746
2.3958592,2.9117258,2.3417912,3.460134
1.7252223,2.5649228,2.0965154,3.065362
1.7665714,2.3270454,1.7502455,2.85995
1.7957556,2.4987302,2.0331533,2.9803348
1.9734596,2.5306318,2.0089097,3.0469105
1.7800115,2.4326394,1.9425105,2.9324913
2.3131938,2.166168,1.5950695,2.741816
2.0518117,2.1855009,1.5957762,2.777655
1.9766374,2.1229625,1.5975994,2.825106
3.491079,3.5788662,3.0207129,4.199013
2.1329458,2.9794521,2.4285657,3.5285132
1.969684,2.978484,2.3635495,3.5427237
4.58038,5.101612,4.5906925,5.592935
4.386045,4.464868,3.8943784,4.953324
4.519708,3.9246225,3.408877,4.5221405
4.0871224,3.3736787,2.8672445,3.8796463
2.2153094,2.59837,1.9920762,3.1379912
1.7252315,2.5403335,2.029021,3.0767496
4.579729,4.244257,3.7179258,4.7441998
4.182384,4.410524,3.8493993,4.9598308
2.889816,3.9684284,3.4076307,4.4952364
2.4915612,3.4691074,2.9113584,4.0514336
3.9986877,3.6740322,3.0523398,4.2484536
4.264694,3.332473,2.7477818,4.074245
3.0000207,2.6586576,2.1482916,3.191304
2.0637224,2.6910381,2.1684146,3.2333148
2.1949348,3.2997494,2.790772,3.731648
2.0250435,2.9507105,2.376482,3.4792514
2.3353336,3.1661484,2.6582062,3.7714024
3.4215424,3.0356705,2.474475,3.5802853
2.6084797,2.9840558,2.4550333,3.5291948
2.944987,2.5208318,1.9898059,3.0629103
2.4152436,2.676566,2.1458428,3.1975367
2.4592931,2.3326597,1.742492,2.8895497
3.5664496,3.7981024,3.1990612,4.4517307
2.9083583,3.406465,2.8091412,3.9890537
2.2918248,3.3374906,2.796688,3.8480828
4.558005,4.7784257,4.2359734,5.309717
4.200286,4.290786,3.7357013,4.8348937
4.507318,4.130692,3.5330088,4.7119074
4.1736927,3.8445122,3.3454137,4.3659334
3.8889992,3.201604,2.59254,3.741912
2.656642,3.1485076,2.6516595,3.677766
4.6016955,4.0567794,3.3505526,4.644724
4.4672728,4.162759,3.619388,4.679624
3.5892103,3.6142325,3.0204136,4.2378383
2.5971682,3.2094164,2.6504498,3.7868876
2.8179383,3.3977594,2.8085196,4.010219
4.343163,3.4760633,2.8819354,4.033137
3.918158,3.2839642,2.7673373,3.8030415
2.8799057,3.2212372,2.6767955,3.7670646
2.4295099,2.9960861,2.4397268,3.5552652
2.404554,2.738034,2.197754,3.2059517
2.3708076,2.8509252,2.291602,3.3595626
2.8766794,3.1215131,2.5127714,3.6882005
3.4645057,3.235595,2.6692529,3.8698614
2.7312157,2.9890738,2.4463043,3.4902406
2.263775,3.0179431,2.3600445,3.5042813
2.361307,2.8934095,2.3227549,3.4181938
3.68508,3.6302874,3.0698504,4.155691
3.0695376,3.1832027,2.6714294,3.7379959
2.3366208,3.180457,2.6266181,3.7299356
4.5967793,4.79248,4.1816773,5.3786073
4.24542,4.268968,3.71265,4.8305397
3.8223815,4.227302,3.6629183,4.837929
3.4675305,3.847229,3.3392243,4.4383597
3.6262774,3.4588675,2.8727834,4.012229
3.339519,2.8851457,2.3124928,3.5103154
2.9858146,2.8237908,2.312328,3.396613
4.491406,3.6887424,3.0932088,4.2070894
3.7213619,3.8066556,3.2553449,4.438773
3.3921027,3.3377793,2.7509496,3.913928
2.8925405,3.0004392,2.5172124,3.4827158
2.4804184,3.144871,2.586405,3.714001
2.7356436,2.9393356,2.3819594,3.444863
3.5270054,2.836503,2.2489178,3.384494
2.9275808,2.6751428,2.100064,3.2039905
2.6899314,2.6590664,2.1359696,3.2204585
2.8572075,3.1480627,2.5648015,3.7478647
2.5363836,2.711862,2.197201,3.3120553
2.3685167,2.4789329,1.8459805,3.111525
2.3945076,2.612769,2.022279,3.1231265
2.5283315,2.6686184,2.1287417,3.2517278
2.632732,2.6522279,2.048429,3.2358038
2.9681406,2.4527252,1.9168622,3.0692008
2.2135994,2.5623102,1.9783708,3.0557446
2.1833878,2.455359,1.9756579,2.9924223
3.324859,3.9687655,3.4453263,4.4731812
3.115093,3.6769788,3.0808623,4.1934485
2.39362,3.5903912,2.9744518,4.1654515
4.480339,4.574152,4.0062394,5.148834
4.378863,4.281364,3.7248654,4.808884
4.089533,4.022975,3.4529266,4.5945473
4.044279,3.4811401,2.907884,4.1165085
3.0881584,3.3862286,2.7961624,3.937227
4.3606043,4.2380977,3.6867337,4.835801
3.8784842,4.3672466,3.832169,4.9199433
3.54375,3.8099256,3.278299,4.418968
3.3706212,3.3746195,2.86002,3.8664587
3.8448937,3.5493808,2.9760358,4.1275654
4.18623,3.5051272,2.9766192,3.994553
4.141533,3.600999,3.010139,4.1314654
3.950794,3.4257653,2.8217087,3.9372325
4.0855794,3.3983755,2.8538873,3.8760192
3.3664298,3.194847,2.6330643,3.7753968
2.9226477,2.8594036,2.293766,3.4408562
2.8713636,3.0226972,2.468272,3.5735135
2.738501,3.2756014,2.645283,3.7773054
2.8603923,3.341013,2.8343453,3.8259687
2.6327133,3.203759,2.6507373,3.7755961
3.3876822,3.280192,2.718286,3.7750013
3.0861373,3.1380966,2.5950165,3.6259027
1.5275851,1.9714166,1.4484881,2.544778
1.4606245,1.7195451,1.1654015,2.3439965
1.44451,1.8245207,1.3506871,2.3239155
2.9709892,2.8763692,2.339248,3.4640014
2.5420232,2.4363723,1.9047562,2.8752093
2.5090747,2.4526365,1.8532337,3.0739064
1.921963,2.1013148,1.5415221,2.6794658
1.652531,1.8885134,1.2850266,2.4372804
1.5627773,1.4183086,0.80805236,1.9657158
1.5066327,1.4886082,0.9434441,2.044867
3.4422755,3.195524,2.6318624,3.7104163
3.204129,3.2798254,2.7158625,3.847074
2.3950162,2.6487856,2.1351295,3.1469114
2.143741,2.429947,1.9338714,2.9634619
3.0556102,2.5243633,1.9915816,3.0644073
3.0101254,2.3617978,1.7496446,2.948722
2.9434545,2.2406423,1.7410345,2.7409003
2.6534328,2.0511863,1.502666,2.6353946
2.207398,2.1544049,1.5376118,2.7613058
2.053112,3.066964,2.5066452,3.5542653
1.1925945,2.4076028,1.8812063,2.9020407
1.3929068,2.2049158,1.5667381,2.6921601
2.3091705,2.3003001,1.7059834,2.885999
3.0022469,2.3067346,1.7512544,2.9205985
2.9464326,2.3955529,1.8611114,2.9867692
1.7813879,2.07646,1.4879353,2.627102
2.0806055,2.2485747,1.6964389,2.80675
1.728907,1.755371,1.2081474,2.3479426
3.6244802,3.7561774,3.0798461,4.3731327
3.0792797,3.4480805,2.8297386,3.9760563
3.0210297,3.3864868,2.8220158,3.9002533
4.6111984,4.696889,4.1473975,5.2150784
4.554123,4.181551,3.6797466,4.8391643
4.3509707,4.080793,3.5045934,4.6523004
4.2081895,3.7888231,3.181111,4.3504705
3.8217638,3.3314102,2.7083058,3.9123182
4.603133,4.258939,3.724221,4.79177
4.2305226,4.305904,3.688222,4.8798976
3.7295036,3.6895807,3.1419022,4.3092914
3.2611365,3.3427248,2.8379993,3.9681346
3.7236297,3.462676,2.9009197,4.0528097
4.2557716,3.4889014,2.9540772,4.0285554
3.6580274,3.4156322,2.850631,3.9539394
2.833075,3.4084785,2.8818634,3.9303262
3.4732938,3.7087548,3.1892755,4.239891
2.3561711,3.1106153,2.5987544,3.6241043
2.8201215,2.9109068,2.2948773,3.4598844
3.2107978,3.1054144,2.5080984,3.6184146
4.063633,3.2834122,2.7166038,3.8087282
4.0662217,3.4437678,2.9297888,3.9547255
3.8614743,3.2476509,2.6090214,3.7757745
2.752853,3.3525023,2.8099828,3.919281
2.8422086,3.0631778,2.4542458,3.6292305
1.4836842,2.0213075,1.4434162,2.5879946
1.4803032,2.093454,1.573727,2.6452608
1.5266771,2.1574585,1.6320374,2.678039
1.9164957,2.0874288,1.6279013,2.585631
1.8255662,1.9639016,1.4447949,2.5156913
1.9055085,1.8948671,1.2998137,2.4277654
1.935024,1.8917186,1.3440322,2.4044943
1.9203027,1.7877133,1.2573228,2.3529818
1.9582928,1.7903932,1.1464688,2.3806992
1.6404815,1.8275571,1.3292673,2.3421056
1.8867712,2.1634133,1.5983855,2.7751963
1.6703994,2.1380224,1.5999203,2.658486
1.4398504,1.7449355,1.1621414,2.3462589
1.4417347,1.6638905,1.0840707,2.2176573
1.6669785,1.7032323,1.0751997,2.1901453
2.7635534,1.8214966,1.2504126,2.4059005
2.419364,1.9184012,1.4323177,2.5486186
1.8084564,2.0102286,1.40443,2.5393546
1.1038251,1.636708,1.0455742,2.1803303
1.24288,1.6306944,1.0980711,2.1230745
1.440003,1.5533588,1.0091953,2.0673354
1.9040458,1.7450584,1.1699926,2.336221
2.4705682,1.8619521,1.3203182,2.456343
2.1077578,1.9352678,1.3724272,2.4746003
1.8335176,2.0405214,1.4794565,2.6494815
1.8691761,1.832906,1.354747,2.437339
2.3785217,3.0733123,2.5498486,3.5807543
2.3055174,2.8868551,2.32784,3.4394016
2.2834244,2.9039478,2.385086,3.3991725
3.6486058,3.626294,3.0840359,4.164955
3.0718591,3.3188272,2.804447,3.892266
2.934014,3.1658914,2.616392,3.688968
2.8877695,3.0320826,2.4553375,3.6093836
3.0066276,2.7154596,2.148763,3.2501442
2.4366083,2.6441054,2.1341908,3.2366579
4.444483,3.437365,2.835382,3.9818966
3.3990293,3.4713974,2.9272854,3.995556
2.4617696,2.8495514,2.2520869,3.500073
2.2898386,2.5625205,1.9227682,3.1049588
2.405658,2.7417152,2.1999109,3.3463612
3.7479835,2.9321933,2.3742933,3.5055006
3.442336,2.8533196,2.2667038,3.4385417
2.4956026,2.928823,2.396641,3.5425863
1.9159932,2.4555092,1.9098248,3.0214028
1.7930908,2.3188891,1.6713063,2.9901512
1.896075,2.3909256,1.8736014,2.9495823
2.4638612,2.688116,2.1052313,3.336417
3.275246,2.8121612,2.2398992,3.3593876
3.0009391,2.8153226,2.1673703,3.4068942
2.4111009,2.800268,2.2410774,3.3254037
2.613446,2.5290349,1.9065824,3.0698755
3.7533665,3.973576,3.4904852,4.5156393
3.1459787,3.6319132,3.0401685,4.2535625
3.071605,3.6644273,2.9555542,4.269527
4.612908,4.6860495,4.114524,5.2786517
4.5967216,4.256732,3.7109623,4.790605
4.418895,4.1021404,3.4945788,4.6407933
3.9620943,4.0244484,3.4887476,4.5446835
3.5905893,3.6192212,3.1017845,4.1502748
3.3391745,3.5178063,2.9608645,4.1247935
4.614498,4.4526596,3.9199882,4.9774814
4.5317144,4.516685,3.9241395,5.047064
3.646137,3.866031,3.3427482,4.374209
3.4029953,3.5246005,2.954527,4.1052303
3.8132563,3.6166549,3.122972,4.2083755
4.1216097,3.741023,3.1659436,4.355788
4.43272,3.8240943,3.290838,4.386714
3.696945,3.8459384,3.2206335,4.4883165
2.5599103,3.356704,2.875431,3.8501563
2.5461838,3.1195834,2.5401661,3.6335013
2.6732323,3.319789,2.7665637,3.8628128
3.044523,3.597082,3.0588934,4.1723495
4.0001383,3.797398,3.1884384,4.319888
4.344158,3.6002471,3.0940125,4.115727
3.4513717,3.6954331,3.1210353,4.2352886
3.514959,3.4530022,2.8884614,3.9488733
2.7572234,3.041346,2.4367683,3.657543
2.2064526,2.6995661,2.1662514,3.2471168
2.181033,2.6949997,2.1374397,3.2530155
4.026158,4.076419,3.525686,4.675173
3.964379,3.672325,3.0840032,4.205769
3.5158758,3.3808181,2.8069904,3.9186637
3.1511974,3.033265,2.4972527,3.611539
2.4855244,2.4597409,1.8550779,3.0432606
2.1731193,2.4648085,1.9123455,3.043629
4.582671,3.749124,3.22601,4.3418465
4.1169124,3.830778,3.3090837,4.358991
2.9854164,3.1985466,2.7224195,3.7642002
2.7062442,2.871614,2.3021753,3.3999693
2.7558365,2.965744,2.4027889,3.4404535
2.5674694,2.717555,2.120352,3.303989
3.6183445,3.3208861,2.716976,4.022373
1.9620206,2.7392669,2.1404095,3.414884
1.9605355,2.4405503,1.8895981,3.02771
1.9232306,2.6542225,2.093829,3.2476833
2.0601628,2.7469244,2.126304,3.30871
2.846105,2.8628955,2.315191,3.4497597
3.601876,2.6219697,2.1310441,3.075896
2.532855,2.6945758,2.1895554,3.2505763
2.93694,2.3821044,1.8307717,2.9445689
3.496366,3.589545,3.0541792,4.146859
2.890902,3.299187,2.809682,3.7683237
2.7351305,3.3755515,2.8440378,3.9613829
4.269944,4.2016478,3.603767,4.7790365
4.0707374,3.7862437,3.230692,4.2777414
4.084952,3.709463,3.1203818,4.238359
3.7128098,3.5473385,2.9625926,4.066865
3.192159,3.2137194,2.6609664,3.8236158
2.5620065,3.176252,2.7157166,3.7197373
4.610083,4.248523,3.6953595,4.840778
4.4110975,4.3563495,3.692412,4.947226
3.651278,3.6180723,3.0028164,4.177217
3.2850027,3.2999945,2.775433,3.8378825
3.4285774,3.444451,2.8997507,3.9803538
3.700455,3.536465,3.051344,4.0822387
4.0252266,3.7472925,3.1120772,4.312029
4.0967617,3.6024675,2.9976218,4.2713256
3.5094333,3.6251776,3.066586,4.1805577
2.433839,3.2238758,2.5956633,3.8059378
2.462243,3.0119412,2.4684618,3.5651665
2.4349818,3.1584654,2.5897791,3.720701
2.6648195,3.441758,2.8452544,4.050583
3.5873141,3.6650732,3.0977895,4.2098007
4.306498,3.4096677,2.9111738,3.9798696
3.6876843,3.5990891,3.001414,4.1975694
3.939238,3.2475522,2.6696138,3.9251215
2.6988378,3.189895,2.6132207,3.6539357
2.453975,2.9500144,2.406803,3.4666753
2.4225998,2.9502182,2.414575,3.5474117
4.015699,3.9694602,3.4267204,4.548147
3.648234,3.6529586,3.1391306,4.1803403
3.8143878,3.6728535,3.0395162,4.270315
3.811983,3.4089866,2.893741,3.9033387
3.2482271,3.118332,2.5581622,3.6674426
2.508671,2.723775,2.1968622,3.2386844
2.243264,2.6839383,2.184882,3.177462
3.7919507,3.746623,3.1647022,4.2918353
2.8495219,3.0743005,2.5243247,3.6405149
2.631768,2.867299,2.2281933,3.418012
2.7612257,3.0072122,2.4473946,3.5229483
3.1666033,2.9988284,2.4351232,3.5648599
3.6615088,2.9395838,2.3673887,3.5132074
3.4956293,2.8941114,2.3006144,3.506697
2.7033489,2.8672314,2.2983024,3.420735
2.0662,2.4487839,1.8655347,3.029281
2.117007,2.5765688,2.0140975,3.1534927
2.2077215,2.7793245,2.327689,3.3476944
2.8970184,2.9116657,2.4136622,3.51098
3.765631,2.7402353,2.2206511,3.2587993
3.2623794,2.7952926,2.2434974,3.342922
2.6923087,2.5896995,1.9783531,3.2082825
3.425004,2.8446364,2.2753773,3.574145
3.175427,2.9791114,2.3817012,3.5251489
3.6605625,3.9147973,3.2636676,4.4521556
2.3516066,3.2604122,2.685867,3.7545354
2.6829884,2.8778522,2.3496087,3.3649006
2.6725733,2.3865843,1.857886,2.9849336
1.9597923,2.4350598,1.8789605,3.0199406
4.080556,3.8122566,3.1713789,4.356693
3.4099104,3.361113,2.8456895,3.876006
3.264701,2.9485877,2.4326138,3.5698943
2.2391887,2.9869754,2.4131048,3.470317
1.8364254,2.6850214,2.1371896,3.2547827
2.368433,2.4663007,1.9884135,2.9701166
2.132765,2.5163746,1.9112003,3.0198238
4.026854,3.3114429,2.7105496,3.838221
3.8130088,2.8303354,2.3365576,3.3810556
3.5593,2.616802,2.0908995,3.151933
2.760201,2.608053,2.027909,3.1482198
1.8713886,2.6057372,2.0597942,3.1873977
2.266477,2.4351795,1.7957555,2.9794014
1.997647,2.5143948,1.9359162,3.0802796
2.289721,1.9403778,1.389866,2.5056396
1.5581663,2.3017097,1.7617874,2.788207
3.487055,3.1846786,2.6192474,3.6982555
3.4625611,2.580144,1.9761571,3.1092093
3.2467122,2.5557706,2.0856254,3.0180743
4.33462,4.327818,3.718845,4.908406
1.1793139,3.6278548,3.0550494,4.2638745
1.1686426,2.7845054,2.2372577,3.3627274
1.3173466,1.9793347,1.437506,2.5286493
1.2968698,1.9702954,1.4244176,2.5154483
3.7371671,4.137796,3.6175025,4.653432
4.027998,3.8595448,3.261158,4.424759
3.1937292,3.3309278,2.7591782,3.917903
2.6375885,3.3325982,2.735721,3.8580563
1.9891629,2.6440449,2.0111165,3.199795
1.6747432,2.1028936,1.5164708,2.7024806
1.8126674,2.057604,1.4551554,2.622001
2.2575076,3.553444,3.0120943,4.1503944
4.003249,3.2470038,2.6178951,3.7769117
3.5101438,2.8557005,2.3332922,3.3573883
2.8215187,3.0298038,2.4617662,3.5745468
2.8053102,2.7071018,2.1195552,3.177285
2.634713,2.430093,1.8455827,2.9613347
1.344956,2.0771651,1.5561384,2.6591663
1.6240797,2.0886042,1.5489912,2.6682792
3.0180802,2.149056,1.5966334,2.784626
1.2564754,1.7630217,1.2237645,2.2730691
2.6634245,2.9331942,2.3240812,3.5117667
2.2743454,2.622494,2.0480697,3.1518412
2.2540252,2.670417,2.0589185,3.2634265
3.5951738,3.4862585,2.9449646,4.052449
2.4028292,3.0426536,2.5409906,3.5391514
2.2853558,2.6611211,2.0597405,3.232804
2.0657208,2.18228,1.6733075,2.692498
1.9747266,2.237956,1.7016842,2.8751218
3.6436825,3.390827,2.8432896,3.973693
2.8768933,2.6463187,2.0833564,3.1888645
2.3669665,2.4870446,1.9611379,3.0608869
2.3076878,2.4575193,1.844607,3.0834718
2.2159538,2.2374125,1.6723261,2.7856517
2.2308257,2.300212,1.7510943,2.9178019
2.522108,2.4378083,1.8492575,3.0197787
2.5118263,2.325995,1.8483481,2.8508668
2.5092387,2.3057084,1.7859058,2.8462567
2.1294131,2.26476,1.7024698,2.8432946
2.1227427,2.3232772,1.8493091,2.8830698
2.1241415,2.0919487,1.508765,2.6635907
3.0984159,2.8169625,2.155208,3.3879452
2.2297044,2.3422844,1.8520316,2.785952
2.155627,2.338079,1.7896932,2.8642142
3.3548925,4.2707314,3.6786387,4.772081
3.844936,3.6783936,3.153393,4.2160373
3.5604486,3.1589155,2.6552756,3.7008586
2.6539526,2.4860654,1.9409761,3.1588876
2.205114,1.849901,1.2907019,2.3647075
2.0851514,1.8589762,1.2709553,2.4479268
3.788006,3.1373267,2.552874,3.6601574
2.567918,3.345074,2.8190339,3.8806515
2.507922,2.9718316,2.4697855,3.5719502
2.669579,2.6698053,2.1032846,3.2292783
3.5306509,2.7422507,2.1380916,3.23746
2.2340927,1.8551565,1.3455259,2.42965
1.9552898,1.8555914,1.268093,2.4475455
0.9901974,2.7879333,2.2674787,3.3429492
2.1683962,2.4379063,1.8407942,2.9840484
2.6633804,2.2308366,1.7072208,2.7386785
2.655092,2.3472342,1.8116703,2.851797
2.9413605,2.2081513,1.7303339,2.6878908
2.7792103,2.128834,1.601614,2.6841557
1.7137729,1.7837951,1.2892983,2.307503
1.5541389,1.796014,1.2459449,2.353013
0.17264608,1.6174066,1.0681565,2.1774476
2.2859497,2.2382092,1.6743398,2.7435963
2.0587757,2.0574117,1.5409807,2.6425998
1.9404666,2.1461868,1.5494026,2.7082393
2.3682437,2.6332238,2.1073475,3.1396515
1.9922148,1.9509579,1.4287018,2.5105853
1.8797723,1.6975565,1.108768,2.2040236
1.7615037,1.7078085,1.1404523,2.2434492
2.878722,2.6582155,2.1162567,3.1765823
2.3389993,2.7179916,2.1766798,3.274034
2.0537083,2.3292074,1.7928348,2.8387234
2.0521278,2.0709758,1.5622882,2.5621517
2.1048799,2.1338966,1.4792085,2.6646898
2.0280058,1.9980437,1.4290649,2.5584035
1.7992454,1.8969414,1.2309713,2.5012171
1.6975079,1.9336858,1.3642545,2.4655259
2.1764927,2.0118537,1.4155636,2.5562599
2.26038,1.880632,1.2693145,2.4138343
2.2138875,1.9404532,1.38639,2.456552
2.0815675,1.9556024,1.3559859,2.5305786
1.6918819,1.9070771,1.2964411,2.3990092
1.6072925,1.9641678,1.415472,2.4805481
1.5853341,1.7223332,1.164489,2.3415399
2.5192268,2.5985305,1.9896499,3.1936636
2.0164354,2.3266392,1.7529923,2.832417
2.1396437,2.3612058,1.7851105,2.8615987
3.078914,3.3493638,2.811311,3.8885698
2.3500648,2.8708189,2.3494213,3.4827228
2.6242368,2.8190355,2.2708738,3.3637145
2.610377,2.5939498,2.0908194,3.1517727
2.2070775,2.2968152,1.758923,2.8960426
1.9713486,1.8575194,1.3235701,2.4466085
1.8874388,1.8992707,1.3653244,2.5309
3.5000682,2.838995,2.3446312,3.3717327
2.5432925,2.9325473,2.3906698,3.49794
2.2893252,2.4228003,1.9396589,2.8905997
2.1110072,2.1966617,1.6490037,2.8097074
2.105005,2.2659667,1.7320693,2.8154335
2.2226174,2.1692097,1.5906602,2.6763535
2.2052333,2.1192107,1.5779454,2.7737103
1.9729897,2.0017002,1.4684441,2.5484667
1.8311837,2.028102,1.4164255,2.5402577
2.2066429,2.0604649,1.5460778,2.5624366
2.0892348,1.9543109,1.3981168,2.542231
2.1308427,2.0252206,1.4130694,2.6118426
2.1579156,2.0443196,1.5471574,2.578628
2.2874742,2.0528111,1.5736407,2.5205677
2.0480416,1.9072055,1.3534247,2.452341
1.7806199,2.0875099,1.5757682,2.6393714
1.8386335,1.8179555,1.2431692,2.4123342
2.293863,2.4080415,1.8313987,3.0263903
2.0227947,2.132259,1.5436678,2.7510571
1.979968,2.168891,1.6406093,2.660773
3.3353853,3.5437315,2.9321494,4.0511675
2.4300733,3.0465364,2.4502263,3.5772026
2.482583,2.9561226,2.38362,3.5160809
2.2579052,2.4807863,1.9279035,3.048423
1.9229842,2.0938926,1.5730734,2.6480973
1.7865977,1.619879,1.0853605,2.1865454
1.7599411,1.706261,1.1947819,2.263686
3.6185434,2.7519207,2.215839,3.3331435
2.295614,2.8367155,2.298006,3.4219923
2.099928,2.4215975,1.8660623,3.0374298
2.024133,2.1004226,1.570046,2.6402345
2.0306892,2.1792521,1.639957,2.657282
1.9986144,1.987322,1.4130362,2.5937088
1.9252931,1.8035126,1.2727404,2.3236938
1.7519647,1.6221919,1.1055788,2.089666
1.6367986,1.7250161,1.1852385,2.1998556
1.9401428,2.0496573,1.4226673,2.5610502
1.814031,1.9104999,1.3612646,2.4881554
1.8971819,1.897818,1.4151866,2.5545433
1.8376205,1.8653775,1.3613063,2.4400618
1.9139104,1.7493976,1.1994095,2.3530552
1.938626,1.5828891,1.0755831,2.1490524
1.5882642,1.7126824,1.1587744,2.2728662
1.5925335,1.4934142,1.008828,1.9374243
1.6076298,1.5824777,1.0166754,2.2361832
1.5698924,1.7814348,1.1937425,2.3296669
1.9191508,1.9471922,1.4346614,2.4728272
1.540076,1.492408,0.92441314,2.1247826
1.4642948,1.192311,0.58504903,1.7660401
1.4435539,1.2620171,0.7141084,1.7798244
1.9344237,2.2734945,1.7686584,2.9217162
1.7042645,1.8147734,1.3212477,2.303493
1.6515567,1.7312769,1.1741142,2.2646325
1.6685042,1.7488306,1.1435819,2.2996585
1.786904,1.633104,1.1275036,2.1889524
1.4904275,1.4996661,0.9622802,2.139822
1.3970801,1.6125374,1.0669754,2.1545298
1.7805697,1.652013,1.1087381,2.222476
1.7562764,1.5625135,0.9828493,2.0969062
1.7190398,1.5976248,0.9925301,2.204476
1.6393027,1.6278039,1.1154497,2.1219506
1.5937352,1.592846,1.0296577,2.1835678
1.4906776,1.5404276,0.96382433,2.0146503
1.3612759,1.6216544,1.0551953,2.167291
1.3774154,1.3880156,0.8434694,1.966789
2.1454036,2.2627335,1.7206116,2.8024013
2.0400562,2.1802747,1.6470652,2.7961864
2.1013806,2.2802606,1.6745328,2.8410242
2.4190652,2.8185315,2.361122,3.4289117
2.2169385,2.433109,1.8785284,2.9714417
2.2626336,2.2519333,1.7099229,2.8104417
2.007429,2.0829594,1.5602826,2.5873578
1.8735741,1.7957038,1.2027878,2.27771
1.897818,1.9141842,1.3837268,2.4995368
1.757956,2.1061819,1.5650631,2.6603184
1.8690965,1.972849,1.4115127,2.524347
1.9478865,2.003563,1.4767308,2.5030575
2.0683386,1.9514744,1.3549727,2.5902815
2.3419945,1.9819828,1.3868967,2.5670967
1.9470036,1.9484031,1.3315772,2.4487624
1.8251767,2.0429308,1.4570303,2.6576414
1.8789917,1.9162639,1.3902642,2.388014
1.7804985,1.8575052,1.3062513,2.4346137
1.8614036,1.8676467,1.2777712,2.4587228
1.9508733,1.8955734,1.3076253,2.4470515
1.9560016,1.9543093,1.3577924,2.5789611
1.946049,1.9173682,1.3902591,2.4334826
1.7356641,2.0888162,1.4576317,2.6678302
1.792355,1.8454262,1.1558322,2.4168835
1.8324193,2.0747466,1.5696545,2.5673623
1.7135724,1.9334509,1.3452445,2.4502294
1.7490782,1.981192,1.3857867,2.5299308
2.3363938,2.44189,1.7728018,2.9575634
1.9675677,2.2299633,1.656787,2.72946
2.0820317,2.1703558,1.5370593,2.7476475
1.913409,1.9432979,1.3695796,2.520044
1.7103679,1.7067217,1.1382047,2.211312
1.6082621,1.5234004,0.92014664,2.0830624
1.5858212,1.5612023,1.0347611,2.1900203
1.8098214,2.301633,1.7583091,2.9230385
1.6850574,1.8589386,1.3374314,2.4110305
1.6155062,1.7638522,1.2626902,2.298714
1.723224,1.6752797,1.1750175,2.2130854
1.9870945,1.6303778,1.1773014,2.1230826
1.6682727,1.6378458,1.0863162,2.193481
1.5180371,1.7109742,1.191901,2.220015
1.9253228,1.985064,1.4346739,2.5922432
1.7166793,1.6889061,1.0930239,2.2470188
1.7029965,1.5664763,1.0714868,2.1265886
1.6859748,1.686366,1.1368891,2.2394145
1.8127561,1.6972122,1.1545867,2.2350812
1.6574044,1.6302806,1.0237837,2.123373
1.4689196,1.7893252,1.2526904,2.3567083
1.4726931,1.5390108,0.9464225,2.2479584
1.8862883,1.9684858,1.4420631,2.483652
1.7822049,1.847809,1.2934284,2.4216213
1.7898992,1.9209577,1.3227177,2.517033
2.1332972,2.4005182,1.81555,2.97291
1.9708393,2.1231704,1.6068207,2.621304
1.9990827,1.8877829,1.3515228,2.4618723
1.7519234,1.737871,1.2125543,2.2859354
1.6593683,1.5078315,0.9101925,2.050806
1.6320419,1.5278836,0.9577696,2.1221392
2.7657268,2.3358314,1.7302258,2.9005427
2.0442429,2.3823037,1.7781763,2.9625502
1.834913,1.939056,1.336611,2.4362676
1.7704016,1.7612728,1.2324755,2.3373532
1.8326545,1.7583375,1.2922757,2.234295
1.8548244,1.8010494,1.2058189,2.4101439
1.9038045,1.7642279,1.175502,2.2978346
1.8038366,1.7693173,1.1541227,2.3771324
1.6916708,1.8600446,1.3828174,2.4003289
1.9984651,1.8095374,1.2253611,2.3704565
1.8386136,1.669209,1.1133347,2.2876065
1.8408545,1.6716183,1.0889586,2.1905382
1.7511528,1.7867703,1.2357392,2.3122933
1.8947785,1.8247799,1.2977272,2.4093084
1.9548321,1.8187919,1.2560512,2.4042792
1.803084,1.86717,1.3772867,2.4441595
1.8003683,1.6286635,1.027479,2.2415085
1.2840722,1.4856846,0.9390743,2.0516236
1.2140453,1.4830616,0.939459,2.0308156
1.1137186,1.5427731,0.9973102,2.1538384
1.4580071,1.482939,0.98595834,2.019736
1.3287019,1.2890173,0.8154998,1.8408848
1.3212817,1.1261251,0.57872,1.6313741
1.4273999,1.197733,0.67599,1.7515881
1.5363429,2.1426988,1.6084672,2.7374358
1.5634241,1.7030011,1.1628592,2.230922
1.5070331,1.5783406,1.0114388,2.104441
1.5328033,1.5370463,0.9345083,2.0625322
1.5657712,1.523061,0.94940716,2.0770347
1.4550558,1.4879327,0.921162,1.9655489
1.4694281,1.5091263,0.8657515,2.0423489
1.4026576,1.5063399,0.9113455,2.0280108
1.5622627,1.5404646,1.01969,2.0906732
1.5311654,1.4913511,0.9354879,1.9880853
1.5941945,1.5438877,1.080916,2.1774936
1.7140402,1.478546,0.9555767,2.0054483
1.5555171,1.6082922,1.0737194,2.1694746
1.6396554,1.306301,0.68487316,1.9826312
1.246264,1.656834,1.0824605,2.1844807
1.5450795,1.7143625,1.1862845,2.2788205
1.8099183,1.8209891,1.2966163,2.311215
1.5063261,1.56722,0.9774197,2.1215718
1.4041934,1.3574669,0.9154921,1.880834
1.5789026,1.4156722,0.80122995,1.9933943
1.4788932,1.703913,1.1898266,2.2849941
1.4971299,1.5873526,0.99713707,2.1509876
1.5852083,1.6349508,1.0308235,2.1718693
1.7048752,1.639226,1.0914972,2.2015684
1.8326597,1.5836701,1.0222638,2.1340392
1.6063527,1.5851097,0.9616782,2.2362337
1.6198298,1.6429352,1.1432546,2.1128771
2.3180814,1.7958205,1.3021818,2.35014
1.798152,1.5202539,0.95781904,2.0590005
1.6376307,1.5415326,1.0086788,2.0907078
1.5787855,1.6448425,1.0913008,2.134441
1.6199865,1.6591305,1.1432449,2.3184927
1.7456346,1.5817593,1.0701038,2.0139902
1.6358032,1.7072018,1.1558917,2.230159
1.6961653,1.4748054,0.9821949,2.1118264
2.0126615,2.2005396,1.6498358,2.8207946
1.7463329,1.9240681,1.3672276,2.5493393
1.7934301,1.9662296,1.4147633,2.5293672
3.05504,3.1915934,2.6362598,3.7148225
2.5910497,2.7190747,2.1757424,3.3112986
2.1875453,2.413789,1.8402587,2.920095
2.0001452,1.8743137,1.3496373,2.4220564
1.761027,1.4907931,0.9119738,2.0234437
1.725854,1.5460657,0.9642278,2.167016
3.6358933,2.7276123,2.142704,3.357495
2.5982423,2.852797,2.265444,3.4613335
2.4207387,2.4048808,1.7953755,2.9428349
2.3377697,2.093729,1.4872044,2.6687155
2.217137,2.1874754,1.5848548,2.6864665
2.101824,1.9860158,1.3446516,2.5757332
2.1597342,1.867527,1.1854239,2.4476218
1.9208513,1.6880411,1.2133979,2.2165117
1.8126378,1.7617469,1.2081305,2.3327377
2.0626998,2.3577914,1.7857277,2.9093497
1.782315,2.027423,1.4020793,2.6211565
1.8327975,1.8907633,1.3468362,2.4288816
1.8347685,1.9601681,1.3331803,2.5365744
1.7620339,1.9314585,1.3805603,2.4531415
1.722204,1.8763803,1.2235858,2.4979794
1.7622157,1.7012852,1.090668,2.242355
1.6752671,1.8059986,1.2168994,2.3098245
1.356636,1.5315003,0.9370632,2.1525016
1.9231744,2.216809,1.7030596,2.7703063
1.6409314,1.9444424,1.3767031,2.5540557
1.7170199,2.1085513,1.5730793,2.7081187
2.7129428,3.0414157,2.5272932,3.5533826
2.3052213,2.664795,2.1374907,3.2566648
1.7378893,1.5846901,0.99577165,2.109964
2.3795903,2.8431199,2.2542605,3.4628477
2.1643417,2.341142,1.8478414,2.924087
2.1395788,2.0756435,1.4690188,2.6793938
2.0295181,2.139364,1.6159902,2.7318103
2.0236576,2.0249975,1.4645313,2.6577663
1.996869,1.8358232,1.3087173,2.3260586
1.7903311,1.6821538,1.1552376,2.2446353
1.7026045,1.7889098,1.188607,2.3492672
1.7207927,2.0848382,1.4915063,2.6936371
1.7586178,1.895466,1.2822065,2.4553344
1.9702804,1.8488005,1.2857004,2.4110196
1.8761138,1.6506308,1.0426623,2.188602
1.6244948,1.8472382,1.3156742,2.3165953
1.8589832,1.5156446,0.96382713,2.0892072
1.6415913,1.8052424,1.262424,2.331908
1.3296763,1.5783638,1.0407113,2.1215394
1.2915897,1.6736724,1.0278066,2.250785
2.3340373,2.6148653,2.0668633,3.1784098
1.8915784,1.8247081,1.3211294,2.3838663
1.7667444,1.5874379,0.9975496,2.082178
1.5560868,1.2078246,0.6897073,1.847336
1.485331,1.2736301,0.7355793,1.8011549
2.0923736,2.2629766,1.7857494,2.7611632
2.1443505,2.0721362,1.4935868,2.6222792
1.9816942,2.0619853,1.5422738,2.6045592
1.9367844,1.9239764,1.3597885,2.5101767
2.0071838,1.775996,1.2151544,2.3467717
1.7955805,1.6991487,1.1046932,2.3200035
1.71329,1.7194235,1.1633984,2.307682
1.9115494,2.0165567,1.4617461,2.5554779
2.1269064,1.8956372,1.3381821,2.500514
2.0452,1.900371,1.3124584,2.481509
2.078696,1.9281942,1.3794272,2.546563
2.0151756,1.9394028,1.3127943,2.5931585
1.856395,1.7610779,1.1951643,2.2733412
1.6356165,1.8466073,1.295303,2.5526657
1.7045987,1.4747983,0.92198235,2.0584424
1.6222587,2.1073987,1.5181335,2.7241714
1.4324125,2.274178,1.7315276,2.7704067
1.8479842,1.6967893,1.2166536,2.1741593
1.7169476,1.8430758,1.2021009,2.4454641
3.0578718,3.6167262,2.9994078,4.1416445
2.598272,2.7208374,2.150216,3.2463198
2.431131,2.357159,1.7938066,2.9191604
2.5634892,2.3926275,1.9138324,2.9085383
2.23344,2.4929738,1.8795798,3.141847
2.3892932,2.5691047,2.069415,3.090562
2.573723,2.559701,2.0463748,3.121607
2.5296917,2.5643616,2.051295,3.1345084
2.1158888,2.3336036,1.7230198,2.9333634
2.4297435,2.5110137,1.9257343,3.0671694
2.2567284,2.0595608,1.5199814,2.6038983
4.1183405,4.1871476,3.5923061,4.7640533
3.70089,3.858705,3.3860989,4.4269304
3.4880404,3.8915484,3.3664455,4.392556
4.60263,5.093626,4.5920963,5.6294346
4.5381575,4.5122266,4.038122,4.9875674
4.3715034,4.574045,4.0121665,5.1687226
3.9398448,4.274555,3.685843,4.895379
4.104548,4.1600866,3.644315,4.689314
4.192057,3.6725202,3.0923114,4.2671547
3.4473727,3.6460898,3.106155,4.3427005
4.618986,5.1178994,4.572032,5.7341194
4.6194477,4.4556713,3.962211,5.1087937
4.476512,4.0839686,3.5537777,4.7020326
4.423967,4.2540855,3.6783147,4.8390846
4.345976,4.2751327,3.7857635,4.925335
3.9118319,4.1055427,3.5731268,4.649371
3.6839721,4.1643553,3.642161,4.75216
4.582293,4.0671897,3.4491217,4.595709
4.591013,3.7498147,3.19124,4.2873745
4.5842137,3.9556391,3.3575163,4.5002027
4.6135554,4.130072,3.509412,4.787462
4.532765,4.348341,3.827141,4.896271
4.218127,4.0603423,3.534625,4.5908656
3.2593033,4.172765,3.5817537,4.6542716
3.4891808,3.7614563,3.180843,4.3478107
2.692352,2.6820414,2.1618562,3.2383492
2.449932,2.592162,1.9750099,3.1628177
2.4670503,2.6248384,2.102867,3.2102299
2.7656996,2.996923,2.512287,3.534142
2.4891906,2.7125688,2.205786,3.2446826
2.5032408,2.6509054,2.0235145,3.1832163
2.633862,2.5325348,2.0442793,3.1245852
2.3874614,2.3012495,1.7450716,2.8309436
2.2460072,2.299417,1.7726723,2.8064191
3.8141885,2.8965387,2.3601148,3.4227555
2.6325274,2.8728318,2.3349133,3.4607327
2.0188916,2.3419273,1.8472458,2.876038
1.844046,2.1840532,1.5880347,2.7663627
1.9089789,2.2051334,1.6206813,2.8237422
2.5175893,2.4585934,1.8071102,2.9949296
2.3153136,2.5071936,2.008604,3.0766077
2.6588035,2.5333512,1.9302429,3.0985258
1.7567153,2.0881073,1.48527,2.7259526
1.8407996,2.0057178,1.4929456,2.622599
1.8572768,2.020252,1.3874292,2.5994422
1.9345598,2.1734972,1.7146298,2.7089756
2.377341,2.324362,1.6835377,2.8473084
2.620784,2.3835402,1.861511,2.914962
2.4579601,2.4821453,1.8478097,3.0664911
2.0842843,2.3058589,1.7987313,2.806726
